report_date,killed,killed_cum,ext_killed,ext_killed_cum,ext_killed_children_cum,ext_killed_women_cum,injured_cum,ext_injured_cum,daily_killed,conflict,location,source
2023-10-07,232.0,232.0,232,232,0,0,1610.0,1610,232.0,Israel-Palestine,Gaza,TechForPalestine
2023-10-08,138.0,370.0,138,370,78,41,1788.0,1788,138.0,Israel-Palestine,Gaza,TechForPalestine
2023-10-09,190.0,560.0,190,560,91,61,2271.0,2271,190.0,Israel-Palestine,Gaza,TechForPalestine
2023-10-10,340.0,900.0,340,900,260,230,4000.0,4000,340.0,Israel-Palestine,Gaza,TechForPalestine
2023-10-11,200.0,1100.0,200,1100,398,230,5184.0,5184,200.0,Israel-Palestine,Gaza,TechForPalestine
2023-10-12,317.0,1417.0,317,1417,500,276,5763.0,5763,317.0,Israel-Palestine,Gaza,TechForPalestine
2023-10-13,483.0,1900.0,483,1900,500,392,,7238,483.0,Israel-Palestine,Gaza,TechForPalestine
2023-10-14,328.0,2228.0,328,2228,600,600,8714.0,8714,328.0,Israel-Palestine,Gaza,TechForPalestine
2023-10-15,442.0,2670.0,442,2670,700,735,9200.0,9200,442.0,Israel-Palestine,Gaza,TechForPalestine
2023-10-16,138.0,2808.0,138,2808,853,936,10850.0,10850,138.0,Israel-Palestine,Gaza,TechForPalestine
2023-10-17,192.0,3000.0,192,3000,940,936,,11457,192.0,Israel-Palestine,Gaza,TechForPalestine
2023-10-18,478.0,3478.0,478,3478,1000,936,12065.0,12065,478.0,Israel-Palestine,Gaza,TechForPalestine
2023-10-19,307.0,3785.0,307,3785,1524,936,12493.0,12493,307.0,Israel-Palestine,Gaza,TechForPalestine
2023-10-20,352.0,4137.0,352,4137,1756,936,13162.0,13162,352.0,Israel-Palestine,Gaza,TechForPalestine
2023-10-21,248.0,4385.0,248,4385,1756,967,13561.0,13561,248.0,Israel-Palestine,Gaza,TechForPalestine
2023-10-22,266.0,4651.0,266,4651,1873,1023,14245.0,14245,266.0,Israel-Palestine,Gaza,TechForPalestine
2023-10-23,436.0,5087.0,436,5087,2055,1119,15273.0,15273,436.0,Israel-Palestine,Gaza,TechForPalestine
2023-10-24,704.0,5791.0,704,5791,2360,1292,16297.0,16297,704.0,Israel-Palestine,Gaza,TechForPalestine
2023-10-25,756.0,6547.0,756,6547,2704,1584,17439.0,17439,756.0,Israel-Palestine,Gaza,TechForPalestine
2023-10-26,481.0,7028.0,481,7028,3038,1600,18482.0,18482,481.0,Israel-Palestine,Gaza,TechForPalestine
2023-10-27,298.0,7326.0,298,7326,3038,1726,18967.0,18967,298.0,Israel-Palestine,Gaza,TechForPalestine
2023-10-28,377.0,7703.0,377,7703,3168,1916,,19604,377.0,Israel-Palestine,Gaza,TechForPalestine
2023-10-29,302.0,8005.0,302,8005,3324,2062,20242.0,20242,302.0,Israel-Palestine,Gaza,TechForPalestine
2023-10-30,304.0,8309.0,304,8309,3457,2136,21048.0,21048,304.0,Israel-Palestine,Gaza,TechForPalestine
2023-10-31,216.0,8525.0,216,8525,3542,2187,21543.0,21543,216.0,Israel-Palestine,Gaza,TechForPalestine
2023-11-01,280.0,8805.0,280,8805,3650,2252,22240.0,22240,280.0,Israel-Palestine,Gaza,TechForPalestine
2023-11-02,256.0,9061.0,256,9061,3760,2326,22911.0,22911,256.0,Israel-Palestine,Gaza,TechForPalestine
2023-11-03,196.0,9257.0,196,9257,3826,2405,23516.0,23516,196.0,Israel-Palestine,Gaza,TechForPalestine
2023-11-04,228.0,9485.0,228,9485,3900,2509,24158.0,24158,228.0,Israel-Palestine,Gaza,TechForPalestine
2023-11-05,285.0,9770.0,285,9770,4008,2550,24808.0,24808,285.0,Israel-Palestine,Gaza,TechForPalestine
2023-11-06,252.0,10022.0,252,10022,4108,2610,25000.0,25000,252.0,Israel-Palestine,Gaza,TechForPalestine
2023-11-07,306.0,10328.0,306,10328,4237,2719,25956.0,25956,306.0,Israel-Palestine,Gaza,TechForPalestine
2023-11-08,241.0,10569.0,241,10569,4324,2823,26475.0,26475,241.0,Israel-Palestine,Gaza,TechForPalestine
2023-11-09,249.0,10818.0,249,10818,4412,2918,26905.0,26905,249.0,Israel-Palestine,Gaza,TechForPalestine
2023-11-10,260.0,11078.0,260,11078,4506,3027,27490.0,27490,260.0,Israel-Palestine,Gaza,TechForPalestine
2023-11-11,,,51,11129,4540,3044,,27845,,Israel-Palestine,Gaza,TechForPalestine
2023-11-12,,11180.0,51,11180,4609,3100,28200.0,28200,,Israel-Palestine,Gaza,TechForPalestine
2023-11-13,,11240.0,60,11240,4630,3130,29000.0,29000,60.0,Israel-Palestine,Gaza,TechForPalestine
2023-11-14,,11320.0,80,11320,4650,3145,29200.0,29200,80.0,Israel-Palestine,Gaza,TechForPalestine
2023-11-15,,11500.0,180,11500,4710,3160,29800.0,29800,180.0,Israel-Palestine,Gaza,TechForPalestine
2023-11-16,,,500,12000,5000,3300,,29900,,Israel-Palestine,Gaza,TechForPalestine
2023-11-17,,12000.0,0,12000,5000,3300,30000.0,30000,,Israel-Palestine,Gaza,TechForPalestine
2023-11-18,,12300.0,300,12300,5000,3300,30000.0,30000,300.0,Israel-Palestine,Gaza,TechForPalestine
2023-11-19,,13000.0,700,13000,5500,3500,30000.0,30000,700.0,Israel-Palestine,Gaza,TechForPalestine
2023-11-20,,13300.0,300,13300,5600,3550,31000.0,31000,300.0,Israel-Palestine,Gaza,TechForPalestine
2023-11-21,,14128.0,828,14128,5840,3920,33000.0,33000,828.0,Israel-Palestine,Gaza,TechForPalestine
2023-11-22,,14532.0,404,14532,6000,4000,35000.0,35000,404.0,Israel-Palestine,Gaza,TechForPalestine
2023-11-23,,14800.0,268,14800,6150,4000,36000.0,36000,268.0,Israel-Palestine,Gaza,TechForPalestine
2023-11-24,,14800.0,0,14800,6150,4000,,36000,0.0,Israel-Palestine,Gaza,TechForPalestine
2023-11-25,,14800.0,0,14800,6150,4000,,36000,0.0,Israel-Palestine,Gaza,TechForPalestine
2023-11-26,,14800.0,0,14800,6150,4000,,36000,0.0,Israel-Palestine,Gaza,TechForPalestine
2023-11-27,,14800.0,0,14800,6150,4000,36000.0,36000,0.0,Israel-Palestine,Gaza,TechForPalestine
2023-11-28,,14800.0,0,14800,6150,4000,36000.0,36000,0.0,Israel-Palestine,Gaza,TechForPalestine
2023-11-29,,14800.0,0,14800,6150,4000,,36000,0.0,Israel-Palestine,Gaza,TechForPalestine
2023-11-30,,14800.0,0,14800,6150,4000,,36000,0.0,Israel-Palestine,Gaza,TechForPalestine
2023-12-01,,14800.0,0,14800,6150,4000,37000.0,37000,0.0,Israel-Palestine,Gaza,TechForPalestine
2023-12-02,407.0,15207.0,407,15207,6387,4257,40652.0,40652,407.0,Israel-Palestine,Gaza,TechForPalestine
2023-12-03,316.0,15523.0,316,15523,6600,4300,41316.0,41316,316.0,Israel-Palestine,Gaza,TechForPalestine
2023-12-04,376.0,15899.0,376,15899,6800,4500,42000.0,42000,376.0,Israel-Palestine,Gaza,TechForPalestine
2023-12-05,725.0,16248.0,349,16248,7112,4885,43616.0,43616,725.0,Israel-Palestine,Gaza,TechForPalestine
2023-12-06,,,579,16827,7550,5000,,44808,,Israel-Palestine,Gaza,TechForPalestine
2023-12-07,350.0,17177.0,350,17177,7729,5153,46000.0,46000,350.0,Israel-Palestine,Gaza,TechForPalestine
2023-12-08,313.0,17487.0,310,17487,7729,5246,46480.0,46480,313.0,Israel-Palestine,Gaza,TechForPalestine
2023-12-09,210.0,17700.0,213,17700,7870,6121,48780.0,48780,210.0,Israel-Palestine,Gaza,TechForPalestine
2023-12-10,297.0,17997.0,297,17997,7875,6130,49229.0,49229,297.0,Israel-Palestine,Gaza,TechForPalestine
2023-12-11,208.0,18205.0,208,18205,7900,6150,49645.0,49645,208.0,Israel-Palestine,Gaza,TechForPalestine
2023-12-12,207.0,18412.0,207,18412,8000,6200,50100.0,50100,207.0,Israel-Palestine,Gaza,TechForPalestine
2023-12-13,196.0,18608.0,196,18608,8000,6200,50594.0,50594,196.0,Israel-Palestine,Gaza,TechForPalestine
2023-12-14,179.0,18787.0,179,18787,8000,6200,50897.0,50897,179.0,Israel-Palestine,Gaza,TechForPalestine
2023-12-15,,18800.0,13,18800,8000,6200,51000.0,51000,13.0,Israel-Palestine,Gaza,TechForPalestine
2023-12-16,,,217,19017,8000,6200,,51200,,Israel-Palestine,Gaza,TechForPalestine
2023-12-17,,,218,19235,8000,6200,,51743,,Israel-Palestine,Gaza,TechForPalestine
2023-12-18,151.0,19453.0,218,19453,8000,6200,52286.0,52286,151.0,Israel-Palestine,Gaza,TechForPalestine
2023-12-19,214.0,19667.0,214,19667,8000,6200,52586.0,52586,214.0,Israel-Palestine,Gaza,TechForPalestine
2023-12-20,,,130,19797,8000,6200,,52831,,Israel-Palestine,Gaza,TechForPalestine
2023-12-21,,,130,19927,8000,6200,,53075,,Israel-Palestine,Gaza,TechForPalestine
2023-12-22,390.0,20057.0,130,20057,8000,6200,53320.0,53320,390.0,Israel-Palestine,Gaza,TechForPalestine
2023-12-23,201.0,20258.0,201,20258,8200,6200,53688.0,53688,201.0,Israel-Palestine,Gaza,TechForPalestine
2023-12-24,166.0,20424.0,166,20424,8200,6200,54036.0,54036,166.0,Israel-Palestine,Gaza,TechForPalestine
2023-12-25,250.0,20674.0,250,20674,8500,6300,54536.0,54536,250.0,Israel-Palestine,Gaza,TechForPalestine
2023-12-26,241.0,20915.0,241,20915,8500,6300,54918.0,54918,241.0,Israel-Palestine,Gaza,TechForPalestine
2023-12-27,195.0,21110.0,195,21110,8800,6300,55243.0,55243,195.0,Israel-Palestine,Gaza,TechForPalestine
2023-12-28,210.0,21320.0,210,21320,8800,6300,55603.0,55603,210.0,Israel-Palestine,Gaza,TechForPalestine
2023-12-29,187.0,21507.0,187,21507,8800,6300,55915.0,55915,187.0,Israel-Palestine,Gaza,TechForPalestine
2023-12-30,165.0,21672.0,165,21672,9000,6450,56165.0,56165,165.0,Israel-Palestine,Gaza,TechForPalestine
2023-12-31,150.0,21822.0,150,21822,9100,6500,56451.0,56451,150.0,Israel-Palestine,Gaza,TechForPalestine
2024-01-01,156.0,21978.0,156,21978,9280,6600,56697.0,56697,156.0,Israel-Palestine,Gaza,TechForPalestine
2024-01-02,207.0,22185.0,207,22185,9280,6600,57035.0,57035,207.0,Israel-Palestine,Gaza,TechForPalestine
2024-01-03,128.0,22313.0,128,22313,9400,6700,57296.0,57296,128.0,Israel-Palestine,Gaza,TechForPalestine
2024-01-04,125.0,22438.0,125,22438,9730,6830,57614.0,57614,125.0,Israel-Palestine,Gaza,TechForPalestine
2024-01-05,162.0,22600.0,162,22600,9730,6830,57910.0,57910,162.0,Israel-Palestine,Gaza,TechForPalestine
2024-01-06,122.0,22722.0,122,22722,10000,7000,58166.0,58166,122.0,Israel-Palestine,Gaza,TechForPalestine
2024-01-07,113.0,22835.0,113,22835,10000,7000,58416.0,58416,113.0,Israel-Palestine,Gaza,TechForPalestine
2024-01-08,249.0,23084.0,249,23084,10000,7000,58926.0,58926,249.0,Israel-Palestine,Gaza,TechForPalestine
2024-01-09,126.0,23210.0,126,23210,10000,7000,59167.0,59167,126.0,Israel-Palestine,Gaza,TechForPalestine
2024-01-10,147.0,23357.0,147,23357,10000,7000,59410.0,59410,147.0,Israel-Palestine,Gaza,TechForPalestine
2024-01-11,112.0,23469.0,112,23469,10300,7100,59604.0,59604,112.0,Israel-Palestine,Gaza,TechForPalestine
2024-01-12,151.0,23708.0,239,23708,10300,7100,60005.0,60005,151.0,Israel-Palestine,Gaza,TechForPalestine
2024-01-13,135.0,23843.0,135,23843,10400,7100,60317.0,60317,135.0,Israel-Palestine,Gaza,TechForPalestine
2024-01-14,125.0,23968.0,125,23968,10600,7200,60582.0,60582,125.0,Israel-Palestine,Gaza,TechForPalestine
2024-01-15,132.0,24100.0,132,24100,10600,7200,60834.0,60834,132.0,Israel-Palestine,Gaza,TechForPalestine
2024-01-16,158.0,24285.0,185,24285,10600,7200,61154.0,61154,158.0,Israel-Palestine,Gaza,TechForPalestine
2024-01-17,163.0,24448.0,163,24448,10600,7200,61504.0,61504,163.0,Israel-Palestine,Gaza,TechForPalestine
2024-01-18,172.0,24620.0,172,24620,10800,7250,61830.0,61830,172.0,Israel-Palestine,Gaza,TechForPalestine
2024-01-19,142.0,24762.0,142,24762,10800,7250,62108.0,62108,142.0,Israel-Palestine,Gaza,TechForPalestine
2024-01-20,165.0,24927.0,165,24927,10800,7250,62388.0,62388,165.0,Israel-Palestine,Gaza,TechForPalestine
2024-01-21,178.0,25105.0,178,25105,10800,7250,62681.0,62681,178.0,Israel-Palestine,Gaza,TechForPalestine
2024-01-22,190.0,25295.0,190,25295,11000,7500,63000.0,63000,190.0,Israel-Palestine,Gaza,TechForPalestine
2024-01-23,195.0,25490.0,195,25490,11000,7500,63354.0,63354,195.0,Israel-Palestine,Gaza,TechForPalestine
2024-01-24,210.0,25700.0,210,25700,11000,7500,63740.0,63740,210.0,Israel-Palestine,Gaza,TechForPalestine
2024-01-25,200.0,25900.0,200,25900,11000,7500,64110.0,64110,200.0,Israel-Palestine,Gaza,TechForPalestine
2024-01-26,183.0,26083.0,183,26083,11000,7500,64487.0,64487,183.0,Israel-Palestine,Gaza,TechForPalestine
2024-01-27,174.0,26257.0,174,26257,11000,7500,64797.0,64797,174.0,Israel-Palestine,Gaza,TechForPalestine
2024-01-28,165.0,26422.0,165,26422,11000,7500,65087.0,65087,165.0,Israel-Palestine,Gaza,TechForPalestine
2024-01-29,215.0,26637.0,215,26637,11000,7500,65387.0,65387,215.0,Israel-Palestine,Gaza,TechForPalestine
2024-01-30,114.0,26751.0,114,26751,11500,8000,65636.0,65636,114.0,Israel-Palestine,Gaza,TechForPalestine
2024-01-31,149.0,26900.0,149,26900,11500,8000,65949.0,65949,149.0,Israel-Palestine,Gaza,TechForPalestine
2024-02-01,119.0,27019.0,119,27019,11500,8000,66139.0,66139,119.0,Israel-Palestine,Gaza,TechForPalestine
2024-02-02,112.0,27131.0,112,27131,11500,8000,66287.0,66287,112.0,Israel-Palestine,Gaza,TechForPalestine
2024-02-03,107.0,27238.0,107,27238,12000,8190,66452.0,66452,107.0,Israel-Palestine,Gaza,TechForPalestine
2024-02-04,127.0,27365.0,127,27365,12000,8190,66630.0,66630,127.0,Israel-Palestine,Gaza,TechForPalestine
2024-02-05,113.0,27478.0,113,27478,12000,8190,66835.0,66835,113.0,Israel-Palestine,Gaza,TechForPalestine
2024-02-06,107.0,27585.0,107,27585,12000,8190,66978.0,66978,107.0,Israel-Palestine,Gaza,TechForPalestine
2024-02-07,123.0,27708.0,123,27708,12000,8190,67147.0,67147,123.0,Israel-Palestine,Gaza,TechForPalestine
2024-02-08,132.0,27840.0,132,27840,12150,8300,67317.0,67317,132.0,Israel-Palestine,Gaza,TechForPalestine
2024-02-09,107.0,27947.0,107,27947,12150,8300,67459.0,67459,107.0,Israel-Palestine,Gaza,TechForPalestine
2024-02-10,117.0,28064.0,117,28064,12150,8300,67611.0,67611,117.0,Israel-Palestine,Gaza,TechForPalestine
2024-02-11,112.0,28176.0,112,28176,12300,8400,67784.0,67784,112.0,Israel-Palestine,Gaza,TechForPalestine
2024-02-12,164.0,28340.0,164,28340,12300,8400,67984.0,67984,164.0,Israel-Palestine,Gaza,TechForPalestine
2024-02-13,133.0,28473.0,133,28473,12300,8400,68146.0,68146,133.0,Israel-Palestine,Gaza,TechForPalestine
2024-02-14,103.0,28576.0,103,28576,12300,8400,68291.0,68291,103.0,Israel-Palestine,Gaza,TechForPalestine
2024-02-15,87.0,28663.0,87,28663,12300,8400,68395.0,68395,87.0,Israel-Palestine,Gaza,TechForPalestine
2024-02-16,112.0,28775.0,112,28775,12660,8570,68552.0,68552,112.0,Israel-Palestine,Gaza,TechForPalestine
2024-02-17,83.0,28858.0,83,28858,12660,8570,68677.0,68677,83.0,Israel-Palestine,Gaza,TechForPalestine
2024-02-18,127.0,28985.0,127,28985,12660,8570,68883.0,68883,127.0,Israel-Palestine,Gaza,TechForPalestine
2024-02-19,107.0,29092.0,107,29092,12660,8570,69028.0,69028,107.0,Israel-Palestine,Gaza,TechForPalestine
2024-02-20,103.0,29195.0,103,29195,12660,8570,69170.0,69170,103.0,Israel-Palestine,Gaza,TechForPalestine
2024-02-21,118.0,29313.0,118,29313,12660,8570,69333.0,69333,118.0,Israel-Palestine,Gaza,TechForPalestine
2024-02-22,97.0,29410.0,97,29410,12660,8570,69465.0,69465,97.0,Israel-Palestine,Gaza,TechForPalestine
2024-02-23,104.0,29514.0,104,29514,13000,8800,69616.0,69616,104.0,Israel-Palestine,Gaza,TechForPalestine
2024-02-24,92.0,29606.0,92,29606,13000,8800,69737.0,69737,92.0,Israel-Palestine,Gaza,TechForPalestine
2024-02-25,86.0,29692.0,86,29692,13000,8800,69879.0,69879,86.0,Israel-Palestine,Gaza,TechForPalestine
2024-02-26,90.0,29782.0,90,29782,13000,8800,70043.0,70043,90.0,Israel-Palestine,Gaza,TechForPalestine
2024-02-27,96.0,29878.0,96,29878,13000,8800,70215.0,70215,96.0,Israel-Palestine,Gaza,TechForPalestine
2024-02-28,76.0,29954.0,76,29954,13000,8800,70325.0,70325,76.0,Israel-Palestine,Gaza,TechForPalestine
2024-02-29,81.0,30035.0,81,30035,13230,8860,70457.0,70457,81.0,Israel-Palestine,Gaza,TechForPalestine
2024-03-01,193.0,30228.0,193,30228,13230,8860,71377.0,71377,193.0,Israel-Palestine,Gaza,TechForPalestine
2024-03-02,92.0,30320.0,92,30320,13230,8860,71533.0,71533,92.0,Israel-Palestine,Gaza,TechForPalestine
2024-03-03,90.0,30410.0,90,30410,13230,8860,71710.0,71710,90.0,Israel-Palestine,Gaza,TechForPalestine
2024-03-04,124.0,30534.0,124,30534,13430,8900,71920.0,71920,124.0,Israel-Palestine,Gaza,TechForPalestine
2024-03-05,97.0,30631.0,97,30631,13430,8900,72043.0,72043,97.0,Israel-Palestine,Gaza,TechForPalestine
2024-03-06,86.0,30717.0,86,30717,13430,8900,72156.0,72156,86.0,Israel-Palestine,Gaza,TechForPalestine
2024-03-07,83.0,30800.0,83,30800,13430,8900,72298.0,72298,83.0,Israel-Palestine,Gaza,TechForPalestine
2024-03-08,78.0,30878.0,78,30878,13430,8900,72402.0,72402,78.0,Israel-Palestine,Gaza,TechForPalestine
2024-03-09,82.0,30960.0,82,30960,13500,9000,72524.0,72524,82.0,Israel-Palestine,Gaza,TechForPalestine
2024-03-10,85.0,31045.0,85,31045,13500,9000,72654.0,72654,85.0,Israel-Palestine,Gaza,TechForPalestine
2024-03-11,67.0,31112.0,67,31112,13500,9000,72760.0,72760,67.0,Israel-Palestine,Gaza,TechForPalestine
2024-03-12,72.0,31184.0,72,31184,13500,9000,72889.0,72889,72.0,Israel-Palestine,Gaza,TechForPalestine
2024-03-13,88.0,31272.0,88,31272,13500,9000,73024.0,73024,88.0,Israel-Palestine,Gaza,TechForPalestine
2024-03-14,69.0,31341.0,69,31341,13790,9100,73134.0,73134,69.0,Israel-Palestine,Gaza,TechForPalestine
2024-03-15,149.0,31490.0,149,31490,13790,9100,73434.0,73434,149.0,Israel-Palestine,Gaza,TechForPalestine
2024-03-16,63.0,31553.0,63,31553,13790,9100,73546.0,73546,63.0,Israel-Palestine,Gaza,TechForPalestine
2024-03-17,92.0,31645.0,92,31645,13790,9100,73676.0,73676,92.0,Israel-Palestine,Gaza,TechForPalestine
2024-03-18,81.0,31726.0,81,31726,13790,9100,73792.0,73792,81.0,Israel-Palestine,Gaza,TechForPalestine
2024-03-19,93.0,31819.0,93,31819,14000,9220,73934.0,73934,93.0,Israel-Palestine,Gaza,TechForPalestine
2024-03-20,104.0,31923.0,104,31923,14000,9220,74096.0,74096,104.0,Israel-Palestine,Gaza,TechForPalestine
2024-03-21,65.0,31988.0,65,31988,14000,9220,74188.0,74188,65.0,Israel-Palestine,Gaza,TechForPalestine
2024-03-22,82.0,32070.0,82,32070,14000,9220,74298.0,74298,82.0,Israel-Palestine,Gaza,TechForPalestine
2024-03-23,72.0,32142.0,72,32142,14000,9220,74412.0,74412,72.0,Israel-Palestine,Gaza,TechForPalestine
2024-03-24,84.0,32226.0,84,32226,14280,9340,74518.0,74518,84.0,Israel-Palestine,Gaza,TechForPalestine
2024-03-25,107.0,32333.0,107,32333,14280,9340,74694.0,74694,107.0,Israel-Palestine,Gaza,TechForPalestine
2024-03-26,81.0,32414.0,81,32414,14280,9340,74787.0,74787,81.0,Israel-Palestine,Gaza,TechForPalestine
2024-03-27,76.0,32490.0,76,32490,14280,9340,74889.0,74889,76.0,Israel-Palestine,Gaza,TechForPalestine
2024-03-28,62.0,32552.0,62,32552,14280,9340,74980.0,74980,62.0,Israel-Palestine,Gaza,TechForPalestine
2024-03-29,71.0,32623.0,71,32623,14350,9460,75092.0,75092,71.0,Israel-Palestine,Gaza,TechForPalestine
2024-03-30,82.0,32705.0,82,32705,14350,9460,75190.0,75190,82.0,Israel-Palestine,Gaza,TechForPalestine
2024-03-31,77.0,32782.0,77,32782,14350,9460,75298.0,75298,77.0,Israel-Palestine,Gaza,TechForPalestine
2024-04-01,63.0,32845.0,63,32845,14350,9460,75392.0,75392,63.0,Israel-Palestine,Gaza,TechForPalestine
2024-04-02,71.0,32916.0,71,32916,14350,9460,75494.0,75494,71.0,Israel-Palestine,Gaza,TechForPalestine
2024-04-03,59.0,32975.0,59,32975,14500,9560,75577.0,75577,59.0,Israel-Palestine,Gaza,TechForPalestine
2024-04-04,62.0,33037.0,62,33037,14500,9560,75668.0,75668,62.0,Israel-Palestine,Gaza,TechForPalestine
2024-04-05,54.0,33091.0,54,33091,14500,9560,75750.0,75750,54.0,Israel-Palestine,Gaza,TechForPalestine
2024-04-06,46.0,33137.0,46,33137,14500,9560,75815.0,75815,46.0,Israel-Palestine,Gaza,TechForPalestine
2024-04-07,38.0,33175.0,38,33175,14500,9560,75886.0,75886,38.0,Israel-Palestine,Gaza,TechForPalestine
2024-04-08,32.0,33207.0,32,33207,14520,9568,75933.0,75933,32.0,Israel-Palestine,Gaza,TechForPalestine
2024-04-09,153.0,33360.0,153,33360,14520,9568,75993.0,75993,153.0,Israel-Palestine,Gaza,TechForPalestine
2024-04-10,122.0,33482.0,122,33482,14520,9568,76049.0,76049,122.0,Israel-Palestine,Gaza,TechForPalestine
2024-04-11,63.0,33545.0,63,33545,14520,9568,76094.0,76094,63.0,Israel-Palestine,Gaza,TechForPalestine
2024-04-12,89.0,33634.0,89,33634,14520,9568,76214.0,76214,89.0,Israel-Palestine,Gaza,TechForPalestine
2024-04-13,52.0,33686.0,52,33686,14560,9582,76309.0,76309,52.0,Israel-Palestine,Gaza,TechForPalestine
2024-04-14,43.0,33729.0,43,33729,14560,9582,76371.0,76371,43.0,Israel-Palestine,Gaza,TechForPalestine
2024-04-15,68.0,33797.0,68,33797,14560,9582,76465.0,76465,68.0,Israel-Palestine,Gaza,TechForPalestine
2024-04-16,46.0,33843.0,46,33843,14560,9582,76575.0,76575,46.0,Israel-Palestine,Gaza,TechForPalestine
2024-04-17,56.0,33899.0,56,33899,14560,9582,76664.0,76664,56.0,Israel-Palestine,Gaza,TechForPalestine
2024-04-18,71.0,33970.0,71,33970,14685,9670,76770.0,76770,71.0,Israel-Palestine,Gaza,TechForPalestine
2024-04-19,42.0,34012.0,42,34012,14685,9670,76833.0,76833,42.0,Israel-Palestine,Gaza,TechForPalestine
2024-04-20,37.0,34049.0,37,34049,14685,9670,76901.0,76901,37.0,Israel-Palestine,Gaza,TechForPalestine
2024-04-21,48.0,34097.0,48,34097,14685,9670,76980.0,76980,48.0,Israel-Palestine,Gaza,TechForPalestine
2024-04-22,54.0,34151.0,54,34151,14685,9670,77084.0,77084,54.0,Israel-Palestine,Gaza,TechForPalestine
2024-04-23,32.0,34183.0,32,34183,14778,9752,77143.0,77143,32.0,Israel-Palestine,Gaza,TechForPalestine
2024-04-24,79.0,34262.0,79,34262,14778,9752,77229.0,77229,79.0,Israel-Palestine,Gaza,TechForPalestine
2024-04-25,43.0,34305.0,43,34305,14778,9752,77293.0,77293,43.0,Israel-Palestine,Gaza,TechForPalestine
2024-04-26,51.0,34356.0,51,34356,14778,9752,77368.0,77368,51.0,Israel-Palestine,Gaza,TechForPalestine
2024-04-27,32.0,34388.0,32,34388,14778,9752,77437.0,77437,32.0,Israel-Palestine,Gaza,TechForPalestine
2024-04-28,66.0,34454.0,66,34454,14873,9801,77575.0,77575,66.0,Israel-Palestine,Gaza,TechForPalestine
2024-04-29,34.0,34488.0,34,34488,14873,9801,77643.0,77643,34.0,Israel-Palestine,Gaza,TechForPalestine
2024-04-30,47.0,34535.0,47,34535,14873,9801,77704.0,77704,47.0,Israel-Palestine,Gaza,TechForPalestine
2024-05-01,33.0,34568.0,33,34568,14873,9801,77765.0,77765,33.0,Israel-Palestine,Gaza,TechForPalestine
2024-05-02,28.0,34596.0,28,34596,14873,9801,77816.0,77816,28.0,Israel-Palestine,Gaza,TechForPalestine
2024-05-03,26.0,34622.0,26,34622,14944,9849,77867.0,77867,26.0,Israel-Palestine,Gaza,TechForPalestine
2024-05-04,32.0,34654.0,32,34654,14944,9849,77908.0,77908,32.0,Israel-Palestine,Gaza,TechForPalestine
2024-05-05,29.0,34683.0,29,34683,14944,9849,78018.0,78018,29.0,Israel-Palestine,Gaza,TechForPalestine
2024-05-06,52.0,34735.0,52,34735,14944,9849,78108.0,78108,52.0,Israel-Palestine,Gaza,TechForPalestine
2024-05-07,54.0,34789.0,54,34789,14944,9849,78204.0,78204,54.0,Israel-Palestine,Gaza,TechForPalestine
2024-05-08,55.0,34844.0,55,34844,15002,9893,78404.0,78404,55.0,Israel-Palestine,Gaza,TechForPalestine
2024-05-09,60.0,34904.0,60,34904,15002,9893,78514.0,78514,60.0,Israel-Palestine,Gaza,TechForPalestine
2024-05-10,39.0,34943.0,39,34943,15002,9893,78572.0,78572,39.0,Israel-Palestine,Gaza,TechForPalestine
2024-05-11,28.0,34971.0,28,34971,15002,9893,78641.0,78641,28.0,Israel-Palestine,Gaza,TechForPalestine
2024-05-12,63.0,35034.0,63,35034,15002,9893,78755.0,78755,63.0,Israel-Palestine,Gaza,TechForPalestine
2024-05-13,57.0,35091.0,57,35091,15103,9961,78827.0,78827,57.0,Israel-Palestine,Gaza,TechForPalestine
2024-05-14,82.0,35173.0,82,35173,15103,9961,79061.0,79061,82.0,Israel-Palestine,Gaza,TechForPalestine
2024-05-15,60.0,35233.0,60,35233,15103,9961,79141.0,79141,60.0,Israel-Palestine,Gaza,TechForPalestine
2024-05-16,39.0,35272.0,39,35272,15103,9961,79205.0,79205,39.0,Israel-Palestine,Gaza,TechForPalestine
2024-05-17,31.0,35303.0,31,35303,15103,9961,79261.0,79261,31.0,Israel-Palestine,Gaza,TechForPalestine
2024-05-18,83.0,35386.0,83,35386,15162,10018,79366.0,79366,83.0,Israel-Palestine,Gaza,TechForPalestine
2024-05-19,70.0,35456.0,70,35456,15162,10018,79476.0,79476,70.0,Israel-Palestine,Gaza,TechForPalestine
2024-05-20,106.0,35562.0,106,35562,15162,10018,79652.0,79652,106.0,Israel-Palestine,Gaza,TechForPalestine
2024-05-21,85.0,35647.0,85,35647,15162,10018,79852.0,79852,85.0,Israel-Palestine,Gaza,TechForPalestine
2024-05-22,62.0,35709.0,62,35709,15162,10018,79990.0,79990,62.0,Israel-Palestine,Gaza,TechForPalestine
2024-05-23,91.0,35800.0,91,35800,15239,10093,80200.0,80200,91.0,Israel-Palestine,Gaza,TechForPalestine
2024-05-24,57.0,35857.0,57,35857,15239,10093,80293.0,80293,57.0,Israel-Palestine,Gaza,TechForPalestine
2024-05-25,46.0,35903.0,46,35903,15239,10093,80420.0,80420,46.0,Israel-Palestine,Gaza,TechForPalestine
2024-05-26,81.0,35984.0,81,35984,15239,10093,80643.0,80643,81.0,Israel-Palestine,Gaza,TechForPalestine
2024-05-27,66.0,36050.0,66,36050,15239,10093,81026.0,81026,66.0,Israel-Palestine,Gaza,TechForPalestine
2024-05-28,46.0,36096.0,46,36096,15328,10171,81136.0,81136,46.0,Israel-Palestine,Gaza,TechForPalestine
2024-05-29,75.0,36171.0,75,36171,15328,10171,81420.0,81420,75.0,Israel-Palestine,Gaza,TechForPalestine
2024-05-30,53.0,36224.0,53,36224,15328,10171,81777.0,81777,53.0,Israel-Palestine,Gaza,TechForPalestine
2024-05-31,60.0,36284.0,60,36284,15328,10171,82057.0,82057,60.0,Israel-Palestine,Gaza,TechForPalestine
2024-06-01,95.0,36379.0,95,36379,15328,10171,82407.0,82407,95.0,Israel-Palestine,Gaza,TechForPalestine
2024-06-02,60.0,36439.0,60,36439,15348,10231,82627.0,82627,60.0,Israel-Palestine,Gaza,TechForPalestine
2024-06-03,40.0,36479.0,40,36479,15348,10231,82777.0,82777,40.0,Israel-Palestine,Gaza,TechForPalestine
2024-06-04,71.0,36550.0,71,36550,15348,10231,82959.0,82959,71.0,Israel-Palestine,Gaza,TechForPalestine
2024-06-05,36.0,36586.0,36,36586,15348,10231,83074.0,83074,36.0,Israel-Palestine,Gaza,TechForPalestine
2024-06-06,68.0,36654.0,68,36654,15348,10231,83309.0,83309,68.0,Israel-Palestine,Gaza,TechForPalestine
2024-06-07,77.0,36731.0,77,36731,15517,10279,83530.0,83530,77.0,Israel-Palestine,Gaza,TechForPalestine
2024-06-08,70.0,36801.0,70,36801,15517,10279,83680.0,83680,70.0,Israel-Palestine,Gaza,TechForPalestine
2024-06-09,283.0,37084.0,283,37084,15517,10279,84494.0,84494,283.0,Israel-Palestine,Gaza,TechForPalestine
2024-06-10,40.0,37124.0,40,37124,15517,10279,84712.0,84712,40.0,Israel-Palestine,Gaza,TechForPalestine
2024-06-11,40.0,37164.0,40,37164,15517,10279,84832.0,84832,40.0,Israel-Palestine,Gaza,TechForPalestine
2024-06-12,38.0,37202.0,38,37202,15694,10367,84932.0,84932,38.0,Israel-Palestine,Gaza,TechForPalestine
2024-06-13,30.0,37232.0,30,37232,15694,10367,85037.0,85037,30.0,Israel-Palestine,Gaza,TechForPalestine
2024-06-14,34.0,37266.0,34,37266,15694,10367,85102.0,85102,34.0,Israel-Palestine,Gaza,TechForPalestine
2024-06-15,30.0,37296.0,30,37296,15694,10367,85197.0,85197,30.0,Israel-Palestine,Gaza,TechForPalestine
2024-06-16,41.0,37337.0,41,37337,15694,10367,85299.0,85299,41.0,Israel-Palestine,Gaza,TechForPalestine
2024-06-17,10.0,37347.0,10,37347,15747,10406,85372.0,85372,10.0,Israel-Palestine,Gaza,TechForPalestine
2024-06-18,25.0,37372.0,25,37372,15747,10406,85452.0,85452,25.0,Israel-Palestine,Gaza,TechForPalestine
2024-06-19,24.0,37396.0,24,37396,15747,10406,85523.0,85523,24.0,Israel-Palestine,Gaza,TechForPalestine
2024-06-20,35.0,37431.0,35,37431,15747,10406,85653.0,85653,35.0,Israel-Palestine,Gaza,TechForPalestine
2024-06-21,19.0,37450.0,19,37450,15747,10406,85742.0,85742,19.0,Israel-Palestine,Gaza,TechForPalestine
2024-06-22,101.0,37551.0,101,37551,15821,10475,85911.0,85911,101.0,Israel-Palestine,Gaza,TechForPalestine
2024-06-23,47.0,37598.0,47,37598,15821,10475,86032.0,86032,47.0,Israel-Palestine,Gaza,TechForPalestine
2024-06-24,28.0,37626.0,28,37626,15821,10475,86098.0,86098,28.0,Israel-Palestine,Gaza,TechForPalestine
2024-06-25,32.0,37658.0,32,37658,15821,10475,86237.0,86237,32.0,Israel-Palestine,Gaza,TechForPalestine
2024-06-26,60.0,37718.0,60,37718,15821,10475,86377.0,86377,60.0,Israel-Palestine,Gaza,TechForPalestine
2024-06-27,47.0,37765.0,47,37765,15882,10538,86429.0,86429,47.0,Israel-Palestine,Gaza,TechForPalestine
2024-06-28,29.0,37794.0,29,37794,15882,10538,86634.0,86634,29.0,Israel-Palestine,Gaza,TechForPalestine
2024-06-29,40.0,37834.0,40,37834,15882,10538,86858.0,86858,40.0,Israel-Palestine,Gaza,TechForPalestine
2024-06-30,43.0,37877.0,43,37877,15882,10538,86969.0,86969,43.0,Israel-Palestine,Gaza,TechForPalestine
2024-07-01,23.0,37900.0,23,37900,15882,10538,87060.0,87060,23.0,Israel-Palestine,Gaza,TechForPalestine
2024-07-02,25.0,37925.0,25,37925,15919,10569,87141.0,87141,25.0,Israel-Palestine,Gaza,TechForPalestine
2024-07-03,28.0,37953.0,28,37953,15919,10569,87266.0,87266,28.0,Israel-Palestine,Gaza,TechForPalestine
2024-07-04,58.0,38011.0,58,38011,15919,10569,87445.0,87445,58.0,Israel-Palestine,Gaza,TechForPalestine
2024-07-05,58.0,38069.0,58,38069,15919,10569,87605.0,87605,58.0,Israel-Palestine,Gaza,TechForPalestine
2024-07-06,29.0,38098.0,29,38098,15919,10569,87705.0,87705,29.0,Israel-Palestine,Gaza,TechForPalestine
2024-07-07,55.0,38153.0,55,38153,15983,10637,87828.0,87828,55.0,Israel-Palestine,Gaza,TechForPalestine
2024-07-08,40.0,38193.0,40,38193,15983,10637,87903.0,87903,40.0,Israel-Palestine,Gaza,TechForPalestine
2024-07-09,50.0,38243.0,50,38243,15983,10637,88033.0,88033,50.0,Israel-Palestine,Gaza,TechForPalestine
2024-07-10,52.0,38295.0,52,38295,15983,10637,88241.0,88241,52.0,Israel-Palestine,Gaza,TechForPalestine
2024-07-11,50.0,38345.0,50,38345,16054,10700,88295.0,88295,50.0,Israel-Palestine,Gaza,TechForPalestine
2024-07-12,37.0,38382.0,37,38382,16054,10700,88352.0,88352,37.0,Israel-Palestine,Gaza,TechForPalestine
2024-07-13,61.0,38443.0,61,38443,16054,10700,88481.0,88481,61.0,Israel-Palestine,Gaza,TechForPalestine
2024-07-14,141.0,38584.0,141,38584,16054,10700,88881.0,88881,141.0,Israel-Palestine,Gaza,TechForPalestine
2024-07-15,80.0,38664.0,80,38664,16054,10700,89097.0,89097,80.0,Israel-Palestine,Gaza,TechForPalestine
2024-07-16,49.0,38713.0,49,38713,16054,10700,89166.0,89166,49.0,Israel-Palestine,Gaza,TechForPalestine
2024-07-17,81.0,38794.0,81,38794,16172,10798,89364.0,89364,81.0,Israel-Palestine,Gaza,TechForPalestine
2024-07-18,54.0,38848.0,54,38848,16172,10798,89459.0,89459,54.0,Israel-Palestine,Gaza,TechForPalestine
2024-07-19,34.0,38882.0,34,38882,16172,10798,89568.0,89568,34.0,Israel-Palestine,Gaza,TechForPalestine
2024-07-20,37.0,38919.0,37,38919,16172,10798,89622.0,89622,37.0,Israel-Palestine,Gaza,TechForPalestine
2024-07-21,64.0,38983.0,64,38983,16172,10798,89727.0,89727,64.0,Israel-Palestine,Gaza,TechForPalestine
2024-07-22,23.0,39006.0,23,39006,16251,10859,89818.0,89818,23.0,Israel-Palestine,Gaza,TechForPalestine
2024-07-23,84.0,39090.0,84,39090,16251,10859,90147.0,90147,84.0,Israel-Palestine,Gaza,TechForPalestine
2024-07-24,55.0,39145.0,55,39145,16251,10859,90257.0,90257,55.0,Israel-Palestine,Gaza,TechForPalestine
2024-07-25,30.0,39175.0,30,39175,16251,10859,90403.0,90403,30.0,Israel-Palestine,Gaza,TechForPalestine
2024-07-26,42.0,39217.0,42,39217,16251,10859,90486.0,90486,42.0,Israel-Palestine,Gaza,TechForPalestine
2024-07-27,41.0,39258.0,41,39258,16251,10921,90589.0,90589,41.0,Israel-Palestine,Gaza,TechForPalestine
2024-07-28,66.0,39324.0,66,39324,16251,10921,90830.0,90830,66.0,Israel-Palestine,Gaza,TechForPalestine
2024-07-29,39.0,39363.0,39,39363,16251,10921,90923.0,90923,39.0,Israel-Palestine,Gaza,TechForPalestine
2024-07-30,37.0,39400.0,37,39400,16251,10921,90996.0,90996,37.0,Israel-Palestine,Gaza,TechForPalestine
2024-07-31,45.0,39445.0,45,39445,16251,10921,91073.0,91073,45.0,Israel-Palestine,Gaza,TechForPalestine
2024-08-01,35.0,39480.0,35,39480,16314,10980,91128.0,91128,35.0,Israel-Palestine,Gaza,TechForPalestine
2024-08-02,39.0,39519.0,39,39519,16314,10980,91218.0,91218,39.0,Israel-Palestine,Gaza,TechForPalestine
2024-08-03,31.0,39550.0,31,39550,16314,10980,91280.0,91280,31.0,Israel-Palestine,Gaza,TechForPalestine
2024-08-04,33.0,39583.0,33,39583,16314,10980,91398.0,91398,33.0,Israel-Palestine,Gaza,TechForPalestine
2024-08-05,40.0,39623.0,40,39623,16314,10980,91469.0,91469,40.0,Israel-Palestine,Gaza,TechForPalestine
2024-08-06,30.0,39653.0,30,39653,16365,11012,91535.0,91535,30.0,Israel-Palestine,Gaza,TechForPalestine
2024-08-07,24.0,39677.0,24,39677,16365,11012,91645.0,91645,24.0,Israel-Palestine,Gaza,TechForPalestine
2024-08-08,22.0,39699.0,22,39699,16365,11012,91722.0,91722,22.0,Israel-Palestine,Gaza,TechForPalestine
2024-08-09,51.0,39750.0,51,39750,16365,11012,91862.0,91862,51.0,Israel-Palestine,Gaza,TechForPalestine
2024-08-10,40.0,39790.0,40,39790,16365,11012,92002.0,92002,40.0,Israel-Palestine,Gaza,TechForPalestine
2024-08-11,0.0,39790.0,0,39790,16365,11012,92002.0,92002,0.0,Israel-Palestine,Gaza,TechForPalestine
2024-08-12,107.0,39897.0,107,39897,16456,11088,92152.0,92152,107.0,Israel-Palestine,Gaza,TechForPalestine
2024-08-13,32.0,39929.0,32,39929,16456,11088,92240.0,92240,32.0,Israel-Palestine,Gaza,TechForPalestine
2024-08-14,36.0,39965.0,36,39965,16456,11088,92294.0,92294,36.0,Israel-Palestine,Gaza,TechForPalestine
2024-08-15,40.0,40005.0,40,40005,16456,11088,92401.0,92401,40.0,Israel-Palestine,Gaza,TechForPalestine
2024-08-16,0.0,40005.0,0,40005,16456,11088,92401.0,92401,0.0,Israel-Palestine,Gaza,TechForPalestine
2024-08-17,69.0,40074.0,69,40074,16456,11088,92537.0,92537,69.0,Israel-Palestine,Gaza,TechForPalestine
2024-08-18,25.0,40099.0,25,40099,16456,11088,92609.0,92609,25.0,Israel-Palestine,Gaza,TechForPalestine
2024-08-19,40.0,40139.0,40,40139,16456,11088,92743.0,92743,40.0,Israel-Palestine,Gaza,TechForPalestine
2024-08-20,34.0,40173.0,34,40173,16456,11088,92857.0,92857,34.0,Israel-Palestine,Gaza,TechForPalestine
2024-08-21,50.0,40223.0,50,40223,16456,11088,92981.0,92981,50.0,Israel-Palestine,Gaza,TechForPalestine
2024-08-22,42.0,40265.0,42,40265,16456,11088,93144.0,93144,42.0,Israel-Palestine,Gaza,TechForPalestine
2024-08-23,0.0,40265.0,0,40265,16456,11088,93144.0,93144,0.0,Israel-Palestine,Gaza,TechForPalestine
2024-08-24,69.0,40334.0,69,40334,16456,11088,93356.0,93356,69.0,Israel-Palestine,Gaza,TechForPalestine
2024-08-25,71.0,40405.0,71,40405,16456,11088,93468.0,93468,71.0,Israel-Palestine,Gaza,TechForPalestine
2024-08-26,30.0,40435.0,30,40435,16589,11207,93534.0,93534,30.0,Israel-Palestine,Gaza,TechForPalestine
2024-08-27,41.0,40435.0,41,40476,16589,11207,93534.0,93647,41.0,Israel-Palestine,Gaza,TechForPalestine
2024-08-28,58.0,40534.0,58,40534,16589,11207,93778.0,93778,58.0,Israel-Palestine,Gaza,TechForPalestine
2024-08-29,68.0,40602.0,68,40602,16589,11207,93855.0,93855,68.0,Israel-Palestine,Gaza,TechForPalestine
2024-08-30,0.0,40602.0,0,40602,16589,11207,93855.0,93855,0.0,Israel-Palestine,Gaza,TechForPalestine
2024-08-31,89.0,40691.0,89,40691,16673,11269,94060.0,94060,89.0,Israel-Palestine,Gaza,TechForPalestine
2024-09-01,47.0,40738.0,47,40738,16673,11269,94154.0,94154,47.0,Israel-Palestine,Gaza,TechForPalestine
2024-09-02,48.0,40786.0,48,40786,16673,11269,94224.0,94224,48.0,Israel-Palestine,Gaza,TechForPalestine
2024-09-03,33.0,40819.0,33,40819,16673,11269,94291.0,94291,33.0,Israel-Palestine,Gaza,TechForPalestine
2024-09-04,42.0,40861.0,42,40861,16673,11269,94398.0,94398,42.0,Israel-Palestine,Gaza,TechForPalestine
2024-09-05,17.0,40878.0,17,40878,16673,11269,94454.0,94454,17.0,Israel-Palestine,Gaza,TechForPalestine
2024-09-06,0.0,40878.0,0,40878,16673,11269,94454.0,94454,0.0,Israel-Palestine,Gaza,TechForPalestine
2024-09-07,61.0,40939.0,61,40939,16673,11269,94616.0,94616,61.0,Israel-Palestine,Gaza,TechForPalestine
2024-09-08,33.0,40972.0,33,40972,16673,11269,94761.0,94761,33.0,Israel-Palestine,Gaza,TechForPalestine
2024-09-09,16.0,40988.0,16,40988,16673,11269,94825.0,94825,16.0,Israel-Palestine,Gaza,TechForPalestine
2024-09-10,32.0,41020.0,32,41020,16756,11346,94925.0,94925,32.0,Israel-Palestine,Gaza,TechForPalestine
2024-09-11,64.0,41084.0,64,41084,16756,11346,95029.0,95029,64.0,Israel-Palestine,Gaza,TechForPalestine
2024-09-12,34.0,41118.0,34,41118,16756,11346,95125.0,95125,34.0,Israel-Palestine,Gaza,TechForPalestine
2024-09-13,0.0,41118.0,0,41118,16756,11346,95125.0,95125,0.0,Israel-Palestine,Gaza,TechForPalestine
2024-09-14,64.0,41182.0,64,41182,16756,11346,95280.0,95280,64.0,Israel-Palestine,Gaza,TechForPalestine
2024-09-15,24.0,41206.0,24,41206,16795,11378,95337.0,95337,24.0,Israel-Palestine,Gaza,TechForPalestine
2024-09-16,20.0,41226.0,20,41226,16795,11378,95413.0,95413,20.0,Israel-Palestine,Gaza,TechForPalestine
2024-09-17,26.0,41252.0,26,41252,16795,11378,95497.0,95497,26.0,Israel-Palestine,Gaza,TechForPalestine
2024-09-18,20.0,41272.0,20,41272,16795,11378,95551.0,95551,20.0,Israel-Palestine,Gaza,TechForPalestine
2024-09-19,0.0,41272.0,0,41272,16795,11378,95551.0,95551,0.0,Israel-Palestine,Gaza,TechForPalestine
2024-09-20,0.0,41272.0,0,41272,16795,11378,95551.0,95551,0.0,Israel-Palestine,Gaza,TechForPalestine
2024-09-21,119.0,41391.0,119,41391,16795,11378,95760.0,95760,119.0,Israel-Palestine,Gaza,TechForPalestine
2024-09-22,40.0,41431.0,40,41431,16795,11378,95818.0,95818,40.0,Israel-Palestine,Gaza,TechForPalestine
2024-09-23,24.0,41455.0,24,41455,16795,11378,95878.0,95878,24.0,Israel-Palestine,Gaza,TechForPalestine
2024-09-24,12.0,41467.0,12,41467,16795,11378,95921.0,95921,12.0,Israel-Palestine,Gaza,TechForPalestine
2024-09-25,28.0,41495.0,28,41495,16859,11429,96006.0,96006,28.0,Israel-Palestine,Gaza,TechForPalestine
2024-09-26,39.0,41534.0,39,41534,16859,11429,96092.0,96092,39.0,Israel-Palestine,Gaza,TechForPalestine
2024-09-27,0.0,41534.0,0,41534,16859,11429,96092.0,96092,0.0,Israel-Palestine,Gaza,TechForPalestine
2024-09-28,52.0,41586.0,52,41586,16859,11429,96210.0,96210,52.0,Israel-Palestine,Gaza,TechForPalestine
2024-09-29,9.0,41595.0,9,41595,16859,11429,96251.0,96251,9.0,Israel-Palestine,Gaza,TechForPalestine
2024-09-30,20.0,41615.0,20,41615,16891,11458,96359.0,96359,20.0,Israel-Palestine,Gaza,TechForPalestine
2024-10-01,23.0,41638.0,23,41638,16891,11458,96460.0,96460,23.0,Israel-Palestine,Gaza,TechForPalestine
2024-10-02,51.0,41689.0,51,41689,16891,11458,96625.0,96625,51.0,Israel-Palestine,Gaza,TechForPalestine
2024-10-03,99.0,41788.0,99,41788,16891,11458,96794.0,96794,99.0,Israel-Palestine,Gaza,TechForPalestine
2024-10-04,14.0,41802.0,14,41802,16891,11458,96844.0,96844,14.0,Israel-Palestine,Gaza,TechForPalestine
2024-10-05,23.0,41825.0,23,41825,16891,11458,96910.0,96910,23.0,Israel-Palestine,Gaza,TechForPalestine
2024-10-06,45.0,41870.0,45,41870,16927,11487,97166.0,97166,45.0,Israel-Palestine,Gaza,TechForPalestine
2024-10-07,39.0,41909.0,39,41909,16927,11487,97303.0,97303,39.0,Israel-Palestine,Gaza,TechForPalestine
2024-10-08,56.0,41965.0,56,41965,16927,11487,97590.0,97590,56.0,Israel-Palestine,Gaza,TechForPalestine
2024-10-09,45.0,42010.0,45,42010,16927,11487,97720.0,97720,45.0,Israel-Palestine,Gaza,TechForPalestine
2024-10-10,55.0,42065.0,55,42065,16927,11487,97886.0,97886,55.0,Israel-Palestine,Gaza,TechForPalestine
2024-10-11,61.0,42126.0,61,42126,16927,11487,98117.0,98117,61.0,Israel-Palestine,Gaza,TechForPalestine
2024-10-12,49.0,42175.0,49,42175,16927,11487,98336.0,98336,49.0,Israel-Palestine,Gaza,TechForPalestine
2024-10-13,52.0,42227.0,52,42227,16927,11487,98464.0,98464,52.0,Israel-Palestine,Gaza,TechForPalestine
2024-10-14,62.0,42289.0,62,42289,16927,11487,98684.0,98684,62.0,Israel-Palestine,Gaza,TechForPalestine
2024-10-15,55.0,42344.0,55,42344,17029,11585,99013.0,99013,55.0,Israel-Palestine,Gaza,TechForPalestine
2024-10-16,65.0,42409.0,65,42409,17029,11585,99153.0,99153,65.0,Israel-Palestine,Gaza,TechForPalestine
2024-10-17,29.0,42438.0,29,42438,17029,11585,99246.0,99246,29.0,Israel-Palestine,Gaza,TechForPalestine
2024-10-18,62.0,42500.0,62,42500,17029,11585,99546.0,99546,62.0,Israel-Palestine,Gaza,TechForPalestine
2024-10-19,19.0,42519.0,19,42519,17029,11585,99637.0,99637,19.0,Israel-Palestine,Gaza,TechForPalestine
2024-10-20,84.0,42603.0,84,42603,17029,11585,99795.0,99795,84.0,Israel-Palestine,Gaza,TechForPalestine
2024-10-21,0.0,42603.0,0,42603,17029,11585,99795.0,99795,0.0,Israel-Palestine,Gaza,TechForPalestine
2024-10-22,115.0,42718.0,115,42718,17029,11585,100282.0,100282,115.0,Israel-Palestine,Gaza,TechForPalestine
2024-10-23,74.0,42792.0,74,42792,17029,11585,100412.0,100412,74.0,Israel-Palestine,Gaza,TechForPalestine
2024-10-24,55.0,42847.0,55,42847,17029,11585,100544.0,100544,55.0,Israel-Palestine,Gaza,TechForPalestine
2024-10-25,0.0,42847.0,0,42847,17210,11742,100544.0,100544,0.0,Israel-Palestine,Gaza,TechForPalestine
2024-10-26,77.0,42924.0,77,42924,17210,11742,100833.0,100833,77.0,Israel-Palestine,Gaza,TechForPalestine
2024-10-27,0.0,42924.0,0,42924,17210,11742,100833.0,100833,0.0,Israel-Palestine,Gaza,TechForPalestine
2024-10-28,96.0,43020.0,96,43020,17210,11742,101110.0,101110,96.0,Israel-Palestine,Gaza,TechForPalestine
2024-10-29,41.0,43061.0,41,43061,17210,11742,101223.0,101223,41.0,Israel-Palestine,Gaza,TechForPalestine
2024-10-30,102.0,43163.0,102,43163,17289,11815,101510.0,101510,102.0,Israel-Palestine,Gaza,TechForPalestine
2024-10-31,41.0,43204.0,41,43204,17289,11815,101641.0,101641,41.0,Israel-Palestine,Gaza,TechForPalestine
2024-11-01,55.0,43259.0,55,43259,17289,11815,101827.0,101827,55.0,Israel-Palestine,Gaza,TechForPalestine
2024-11-02,55.0,43314.0,55,43314,17289,11815,102019.0,102019,55.0,Israel-Palestine,Gaza,TechForPalestine
2024-11-03,27.0,43341.0,27,43341,17289,11815,102105.0,102105,27.0,Israel-Palestine,Gaza,TechForPalestine
2024-11-04,33.0,43374.0,33,43374,17289,11815,102261.0,102261,33.0,Israel-Palestine,Gaza,TechForPalestine
2024-11-05,17.0,43391.0,17,43391,17289,11815,102347.0,102347,17.0,Israel-Palestine,Gaza,TechForPalestine
2024-11-06,0.0,43391.0,0,43391,17289,11815,102347.0,102347,0.0,Israel-Palestine,Gaza,TechForPalestine
2024-11-07,78.0,43469.0,78,43469,17289,11815,102561.0,102561,78.0,Israel-Palestine,Gaza,TechForPalestine
2024-11-08,39.0,43508.0,39,43508,17289,11815,102684.0,102684,39.0,Israel-Palestine,Gaza,TechForPalestine
2024-11-09,44.0,43552.0,44,43552,17385,11891,102765.0,102765,44.0,Israel-Palestine,Gaza,TechForPalestine
2024-11-10,51.0,43603.0,51,43603,17385,11891,102929.0,102929,51.0,Israel-Palestine,Gaza,TechForPalestine
2024-11-11,0.0,43603.0,0,43603,17385,11891,102929.0,102929,0.0,Israel-Palestine,Gaza,TechForPalestine
2024-11-12,62.0,43665.0,62,43665,17385,11891,103076.0,103076,62.0,Israel-Palestine,Gaza,TechForPalestine
2024-11-13,47.0,43712.0,47,43712,17385,11891,103258.0,103258,47.0,Israel-Palestine,Gaza,TechForPalestine
2024-11-14,24.0,43736.0,24,43736,17385,11891,103370.0,103370,24.0,Israel-Palestine,Gaza,TechForPalestine
2024-11-15,28.0,43764.0,28,43764,17385,11891,103490.0,103490,28.0,Israel-Palestine,Gaza,TechForPalestine
2024-11-16,35.0,43799.0,35,43799,17385,11891,103601.0,103601,35.0,Israel-Palestine,Gaza,TechForPalestine
2024-11-17,47.0,43846.0,47,43846,17385,11891,103740.0,103740,47.0,Israel-Palestine,Gaza,TechForPalestine
2024-11-18,76.0,43922.0,76,43922,17385,11891,103898.0,103898,76.0,Israel-Palestine,Gaza,TechForPalestine
2024-11-19,50.0,43972.0,50,43972,17492,11979,104008.0,104008,50.0,Israel-Palestine,Gaza,TechForPalestine
2024-11-20,13.0,43985.0,13,43985,17492,11979,104092.0,104092,13.0,Israel-Palestine,Gaza,TechForPalestine
2024-11-21,71.0,44056.0,71,44056,17492,11979,104268.0,104268,71.0,Israel-Palestine,Gaza,TechForPalestine
2024-11-22,0.0,44056.0,0,44056,17492,11979,104268.0,104268,0.0,Israel-Palestine,Gaza,TechForPalestine
2024-11-23,120.0,44176.0,120,44176,17492,11979,104473.0,104473,120.0,Israel-Palestine,Gaza,TechForPalestine
2024-11-24,35.0,44211.0,35,44211,17492,11979,104567.0,104567,35.0,Israel-Palestine,Gaza,TechForPalestine
2024-11-25,24.0,44235.0,24,44235,17492,11979,104638.0,104638,24.0,Israel-Palestine,Gaza,TechForPalestine
2024-11-26,14.0,44249.0,14,44249,17492,11979,104746.0,104746,14.0,Israel-Palestine,Gaza,TechForPalestine
2024-11-27,33.0,44282.0,33,44282,17492,11979,104880.0,104880,33.0,Israel-Palestine,Gaza,TechForPalestine
2024-11-28,48.0,44330.0,48,44330,17492,11979,104933.0,104933,48.0,Israel-Palestine,Gaza,TechForPalestine
2024-11-29,33.0,44363.0,33,44363,17581,12048,105070.0,105070,33.0,Israel-Palestine,Gaza,TechForPalestine
2024-11-30,19.0,44382.0,19,44382,17581,12048,105142.0,105142,19.0,Israel-Palestine,Gaza,TechForPalestine
2024-12-01,47.0,44429.0,47,44429,17581,12048,105250.0,105250,47.0,Israel-Palestine,Gaza,TechForPalestine
2024-12-02,37.0,44466.0,37,44466,17581,12048,105358.0,105358,37.0,Israel-Palestine,Gaza,TechForPalestine
2024-12-03,36.0,44502.0,36,44502,17581,12048,105454.0,105454,36.0,Israel-Palestine,Gaza,TechForPalestine
2024-12-04,30.0,44532.0,30,44532,17581,12048,105538.0,105538,30.0,Israel-Palestine,Gaza,TechForPalestine
2024-12-05,48.0,44580.0,48,44580,17581,12048,105739.0,105739,48.0,Israel-Palestine,Gaza,TechForPalestine
2024-12-06,32.0,44612.0,32,44612,17581,12048,105834.0,105834,32.0,Israel-Palestine,Gaza,TechForPalestine
2024-12-07,52.0,44664.0,52,44664,17581,12048,105976.0,105976,52.0,Israel-Palestine,Gaza,TechForPalestine
2024-12-08,44.0,44708.0,44,44708,17581,12048,106050.0,106050,44.0,Israel-Palestine,Gaza,TechForPalestine
2024-12-09,50.0,44758.0,50,44758,17712,12136,106134.0,106134,50.0,Israel-Palestine,Gaza,TechForPalestine
2024-12-10,28.0,44786.0,28,44786,17712,12136,106188.0,106188,28.0,Israel-Palestine,Gaza,TechForPalestine
2024-12-11,19.0,44805.0,19,44805,17712,12136,106257.0,106257,19.0,Israel-Palestine,Gaza,TechForPalestine
2024-12-12,30.0,44835.0,30,44835,17712,12136,106356.0,106356,30.0,Israel-Palestine,Gaza,TechForPalestine
2024-12-13,40.0,44875.0,40,44875,17712,12136,106454.0,106454,40.0,Israel-Palestine,Gaza,TechForPalestine
2024-12-14,55.0,44930.0,55,44930,17712,12136,106624.0,106624,55.0,Israel-Palestine,Gaza,TechForPalestine
2024-12-15,46.0,44976.0,46,44976,17712,12136,106759.0,106759,46.0,Israel-Palestine,Gaza,TechForPalestine
2024-12-16,52.0,45028.0,52,45028,17712,12136,106962.0,106962,52.0,Israel-Palestine,Gaza,TechForPalestine
2024-12-17,31.0,45059.0,31,45059,17712,12136,107041.0,107041,31.0,Israel-Palestine,Gaza,TechForPalestine
2024-12-18,38.0,45097.0,38,45097,17712,12136,107244.0,107244,38.0,Israel-Palestine,Gaza,TechForPalestine
2024-12-19,32.0,45129.0,32,45129,17803,12224,107338.0,107338,32.0,Israel-Palestine,Gaza,TechForPalestine
2024-12-20,77.0,45206.0,77,45206,17803,12224,107512.0,107512,77.0,Israel-Palestine,Gaza,TechForPalestine
2024-12-21,21.0,45227.0,21,45227,17803,12224,107573.0,107573,21.0,Israel-Palestine,Gaza,TechForPalestine
2024-12-22,32.0,45259.0,32,45259,17803,12224,107627.0,107627,32.0,Israel-Palestine,Gaza,TechForPalestine
2024-12-23,58.0,45317.0,58,45317,17803,12224,107713.0,107713,58.0,Israel-Palestine,Gaza,TechForPalestine
2024-12-24,21.0,45338.0,21,45338,17803,12224,107764.0,107764,21.0,Israel-Palestine,Gaza,TechForPalestine
2024-12-25,23.0,45361.0,23,45361,17803,12224,107803.0,107803,23.0,Israel-Palestine,Gaza,TechForPalestine
2024-12-26,38.0,45399.0,38,45399,17803,12224,107940.0,107940,38.0,Israel-Palestine,Gaza,TechForPalestine
2024-12-27,37.0,45436.0,37,45436,17803,12224,108038.0,108038,37.0,Israel-Palestine,Gaza,TechForPalestine
2024-12-28,48.0,45484.0,48,45484,17803,12224,108090.0,108090,48.0,Israel-Palestine,Gaza,TechForPalestine
2024-12-29,30.0,45514.0,30,45514,17818,12287,108189.0,108189,30.0,Israel-Palestine,Gaza,TechForPalestine
2024-12-30,27.0,45541.0,27,45541,17818,12287,108338.0,108338,27.0,Israel-Palestine,Gaza,TechForPalestine
2024-12-31,0.0,45541.0,0,45541,17818,12287,108338.0,108338,0.0,Israel-Palestine,Gaza,TechForPalestine
2025-01-01,12.0,45553.0,12,45553,17818,12287,108379.0,108379,12.0,Israel-Palestine,Gaza,TechForPalestine
2025-01-02,28.0,45581.0,28,45581,17818,12287,108438.0,108438,28.0,Israel-Palestine,Gaza,TechForPalestine
2025-01-03,77.0,45658.0,77,45658,17818,12287,108583.0,108583,77.0,Israel-Palestine,Gaza,TechForPalestine
2025-01-04,59.0,45717.0,59,45717,17818,12287,108856.0,108856,59.0,Israel-Palestine,Gaza,TechForPalestine
2025-01-05,88.0,45805.0,88,45805,17818,12287,109064.0,109064,88.0,Israel-Palestine,Gaza,TechForPalestine
2025-01-06,49.0,45854.0,49,45854,17818,12287,109139.0,109139,49.0,Israel-Palestine,Gaza,TechForPalestine
2025-01-07,31.0,45885.0,31,45885,17818,12287,109196.0,109196,31.0,Israel-Palestine,Gaza,TechForPalestine
2025-01-08,51.0,45936.0,51,45936,17841,12298,109274.0,109274,51.0,Israel-Palestine,Gaza,TechForPalestine
2025-01-09,70.0,46006.0,70,46006,17841,12298,109378.0,109378,70.0,Israel-Palestine,Gaza,TechForPalestine
2025-01-10,0.0,46006.0,0,46006,17841,12298,109378.0,109378,0.0,Israel-Palestine,Gaza,TechForPalestine
2025-01-11,531.0,46537.0,531,46537,17841,12298,109571.0,109571,531.0,Israel-Palestine,Gaza,TechForPalestine
2025-01-12,28.0,46565.0,28,46565,17841,12298,109660.0,109660,28.0,Israel-Palestine,Gaza,TechForPalestine
2025-01-13,19.0,46584.0,19,46584,17841,12298,109731.0,109731,19.0,Israel-Palestine,Gaza,TechForPalestine
2025-01-14,61.0,46645.0,61,46645,17841,12298,110012.0,110012,61.0,Israel-Palestine,Gaza,TechForPalestine
2025-01-15,62.0,46707.0,62,46707,17841,12298,110265.0,110265,62.0,Israel-Palestine,Gaza,TechForPalestine
2025-01-16,81.0,46788.0,81,46788,17841,12298,110453.0,110453,81.0,Israel-Palestine,Gaza,TechForPalestine
2025-01-17,88.0,46876.0,88,46876,17841,12298,110642.0,110642,88.0,Israel-Palestine,Gaza,TechForPalestine
2025-01-18,23.0,46899.0,23,46899,17861,12316,110725.0,110725,23.0,Israel-Palestine,Gaza,TechForPalestine
2025-01-19,14.0,46913.0,14,46913,17861,12316,110750.0,110750,14.0,Israel-Palestine,Gaza,TechForPalestine
2025-01-20,122.0,47035.0,122,47035,17861,12316,111091.0,111091,122.0,Israel-Palestine,Gaza,TechForPalestine
2025-01-21,72.0,47107.0,72,47107,17861,12316,111147.0,111147,72.0,Israel-Palestine,Gaza,TechForPalestine
2025-01-22,54.0,47161.0,54,47161,17861,12316,111166.0,111166,54.0,Israel-Palestine,Gaza,TechForPalestine
2025-01-23,122.0,47283.0,122,47283,17861,12316,111472.0,111472,122.0,Israel-Palestine,Gaza,TechForPalestine
2025-01-24,0.0,47283.0,0,47283,17861,12316,111472.0,111472,0.0,Israel-Palestine,Gaza,TechForPalestine
2025-01-25,0.0,47283.0,0,47283,17861,12316,111472.0,111472,0.0,Israel-Palestine,Gaza,TechForPalestine
2025-01-26,23.0,47306.0,23,47306,17861,12316,111483.0,111483,23.0,Israel-Palestine,Gaza,TechForPalestine
2025-01-27,11.0,47317.0,11,47317,17861,12316,111494.0,111494,11.0,Israel-Palestine,Gaza,TechForPalestine
2025-01-28,37.0,47354.0,37,47354,17861,12316,111563.0,111563,37.0,Israel-Palestine,Gaza,TechForPalestine
2025-01-29,63.0,47417.0,63,47417,17861,12316,111571.0,111571,63.0,Israel-Palestine,Gaza,TechForPalestine
2025-01-30,43.0,47460.0,43,47460,17861,12316,111580.0,111580,43.0,Israel-Palestine,Gaza,TechForPalestine
2025-01-31,0.0,47460.0,0,47460,17861,12316,111580.0,111580,0.0,Israel-Palestine,Gaza,TechForPalestine
2025-02-01,27.0,47487.0,27,47487,17861,12316,111588.0,111588,27.0,Israel-Palestine,Gaza,TechForPalestine
2025-02-02,11.0,47498.0,11,47498,17861,12316,111592.0,111592,11.0,Israel-Palestine,Gaza,TechForPalestine
2025-02-03,20.0,47518.0,20,47518,17861,12316,111612.0,111612,20.0,Israel-Palestine,Gaza,TechForPalestine
2025-02-04,22.0,47540.0,22,47540,17861,12316,111618.0,111618,22.0,Israel-Palestine,Gaza,TechForPalestine
2025-02-05,12.0,47552.0,12,47552,17861,12316,111629.0,111629,12.0,Israel-Palestine,Gaza,TechForPalestine
2025-02-06,31.0,47583.0,31,47583,17861,12316,111633.0,111633,31.0,Israel-Palestine,Gaza,TechForPalestine
2025-02-07,0.0,47583.0,0,47583,17861,12316,111633.0,111633,0.0,Israel-Palestine,Gaza,TechForPalestine
2025-02-08,598.0,48181.0,598,48181,17861,12316,111638.0,111638,598.0,Israel-Palestine,Gaza,TechForPalestine
2025-02-09,8.0,48189.0,8,48189,17861,12316,111640.0,111640,8.0,Israel-Palestine,Gaza,TechForPalestine
2025-02-10,19.0,48208.0,19,48208,17861,12316,111655.0,111655,19.0,Israel-Palestine,Gaza,TechForPalestine
2025-02-11,11.0,48219.0,11,48219,17861,12316,111665.0,111665,11.0,Israel-Palestine,Gaza,TechForPalestine
2025-02-12,3.0,48222.0,3,48222,17861,12316,111674.0,111674,3.0,Israel-Palestine,Gaza,TechForPalestine
2025-02-13,17.0,48239.0,17,48239,17861,12316,111676.0,111676,17.0,Israel-Palestine,Gaza,TechForPalestine
2025-02-14,0.0,48239.0,0,48239,17861,12316,111676.0,111676,0.0,Israel-Palestine,Gaza,TechForPalestine
2025-02-15,25.0,48264.0,25,48264,17861,12316,111688.0,111688,25.0,Israel-Palestine,Gaza,TechForPalestine
2025-02-16,7.0,48271.0,7,48271,17861,12316,111693.0,111693,7.0,Israel-Palestine,Gaza,TechForPalestine
2025-02-17,13.0,48284.0,13,48284,17861,12316,111709.0,111709,13.0,Israel-Palestine,Gaza,TechForPalestine
2025-02-18,7.0,48291.0,7,48291,17861,12316,111722.0,111722,7.0,Israel-Palestine,Gaza,TechForPalestine
2025-02-19,6.0,48297.0,6,48297,17861,12316,111733.0,111733,6.0,Israel-Palestine,Gaza,TechForPalestine
2025-02-20,22.0,48319.0,22,48319,17861,12316,111749.0,111749,22.0,Israel-Palestine,Gaza,TechForPalestine
2025-02-21,0.0,48319.0,0,48319,17861,12316,111749.0,111749,0.0,Israel-Palestine,Gaza,TechForPalestine
2025-02-22,10.0,48329.0,10,48329,17861,12316,111753.0,111753,10.0,Israel-Palestine,Gaza,TechForPalestine
2025-02-23,10.0,48339.0,10,48339,17861,12316,111753.0,111753,10.0,Israel-Palestine,Gaza,TechForPalestine
2025-02-24,7.0,48346.0,7,48346,17861,12316,111759.0,111759,7.0,Israel-Palestine,Gaza,TechForPalestine
2025-02-25,2.0,48348.0,2,48348,17861,12316,111761.0,111761,2.0,Israel-Palestine,Gaza,TechForPalestine
2025-02-26,0.0,48348.0,0,48348,17861,12316,111761.0,111761,0.0,Israel-Palestine,Gaza,TechForPalestine
2025-02-27,17.0,48365.0,17,48365,17861,12316,111780.0,111780,17.0,Israel-Palestine,Gaza,TechForPalestine
2025-02-28,0.0,48365.0,0,48365,17861,12316,111780.0,111780,0.0,Israel-Palestine,Gaza,TechForPalestine
2025-03-01,23.0,48388.0,23,48388,17861,12316,111803.0,111803,23.0,Israel-Palestine,Gaza,TechForPalestine
2025-03-02,0.0,48388.0,0,48388,17861,12316,111803.0,111803,0.0,Israel-Palestine,Gaza,TechForPalestine
2025-03-03,9.0,48397.0,9,48397,17861,12316,111824.0,111824,9.0,Israel-Palestine,Gaza,TechForPalestine
2025-03-04,8.0,48405.0,8,48405,17861,12316,111835.0,111835,8.0,Israel-Palestine,Gaza,TechForPalestine
2025-03-05,35.0,48440.0,35,48440,17861,12316,111845.0,111845,35.0,Israel-Palestine,Gaza,TechForPalestine
2025-03-06,6.0,48446.0,6,48446,17861,12316,111852.0,111852,6.0,Israel-Palestine,Gaza,TechForPalestine
2025-03-07,0.0,48446.0,0,48446,17861,12316,111852.0,111852,0.0,Israel-Palestine,Gaza,TechForPalestine
2025-03-08,7.0,48453.0,7,48453,17861,12316,111860.0,111860,7.0,Israel-Palestine,Gaza,TechForPalestine
2025-03-09,5.0,48458.0,5,48458,17861,12316,111897.0,111897,5.0,Israel-Palestine,Gaza,TechForPalestine
2025-03-10,9.0,48467.0,9,48467,17861,12316,111913.0,111913,9.0,Israel-Palestine,Gaza,TechForPalestine
2025-03-11,36.0,48503.0,36,48503,17861,12316,111927.0,111927,36.0,Israel-Palestine,Gaza,TechForPalestine
2025-03-12,12.0,48515.0,12,48515,17861,12316,111941.0,111941,12.0,Israel-Palestine,Gaza,TechForPalestine
2025-03-13,9.0,48524.0,9,48524,17861,12316,111955.0,111955,9.0,Israel-Palestine,Gaza,TechForPalestine
2025-03-14,0.0,48524.0,0,48524,17861,12316,111955.0,111955,0.0,Israel-Palestine,Gaza,TechForPalestine
2025-03-15,19.0,48543.0,19,48543,17861,12316,111981.0,111981,19.0,Israel-Palestine,Gaza,TechForPalestine
2025-03-16,29.0,48572.0,29,48572,17861,12316,112032.0,112032,29.0,Israel-Palestine,Gaza,TechForPalestine
2025-03-17,5.0,48577.0,5,48577,17861,12316,112041.0,112041,5.0,Israel-Palestine,Gaza,TechForPalestine
2025-03-18,436.0,49013.0,436,49013,17861,12316,112719.0,112719,436.0,Israel-Palestine,Gaza,TechForPalestine
2025-03-19,604.0,49617.0,604,49617,17861,12316,112950.0,112950,604.0,Israel-Palestine,Gaza,TechForPalestine
2025-03-20,85.0,49702.0,85,49702,17861,12316,113083.0,113083,85.0,Israel-Palestine,Gaza,TechForPalestine
2025-03-21,0.0,49702.0,0,49702,17861,12316,113083.0,113083,0.0,Israel-Palestine,Gaza,TechForPalestine
2025-03-22,45.0,49747.0,45,49747,17861,12316,113213.0,113213,45.0,Israel-Palestine,Gaza,TechForPalestine
2025-03-23,274.0,50021.0,274,50021,17954,12365,113274.0,113274,274.0,Israel-Palestine,Gaza,TechForPalestine
2025-03-24,61.0,50082.0,61,50082,17954,12365,113408.0,113408,61.0,Israel-Palestine,Gaza,TechForPalestine
2025-03-25,62.0,50144.0,62,50144,17954,12365,113704.0,113704,62.0,Israel-Palestine,Gaza,TechForPalestine
2025-03-26,39.0,50183.0,39,50183,17954,12365,113828.0,113828,39.0,Israel-Palestine,Gaza,TechForPalestine
2025-03-27,25.0,50208.0,25,50208,17954,12365,113910.0,113910,25.0,Israel-Palestine,Gaza,TechForPalestine
2025-03-28,43.0,50251.0,43,50251,17954,12365,114025.0,114025,43.0,Israel-Palestine,Gaza,TechForPalestine
2025-03-29,26.0,50277.0,26,50277,17954,12365,114095.0,114095,26.0,Israel-Palestine,Gaza,TechForPalestine
2025-03-30,53.0,50330.0,53,50330,17954,12365,114284.0,114284,53.0,Israel-Palestine,Gaza,TechForPalestine
2025-03-31,27.0,50357.0,27,50357,17954,12365,114400.0,114400,27.0,Israel-Palestine,Gaza,TechForPalestine
2025-04-01,42.0,50399.0,42,50399,17954,12365,114583.0,114583,42.0,Israel-Palestine,Gaza,TechForPalestine
2025-04-02,24.0,50423.0,24,50423,17954,12365,114638.0,114638,24.0,Israel-Palestine,Gaza,TechForPalestine
2025-04-03,100.0,50523.0,100,50523,17954,12365,114776.0,114776,100.0,Israel-Palestine,Gaza,TechForPalestine
2025-04-04,86.0,50609.0,86,50609,17954,12365,115063.0,115063,86.0,Israel-Palestine,Gaza,TechForPalestine
2025-04-05,60.0,50669.0,60,50669,17954,12365,115225.0,115225,60.0,Israel-Palestine,Gaza,TechForPalestine
2025-04-06,26.0,50695.0,26,50695,17954,12365,115338.0,115338,26.0,Israel-Palestine,Gaza,TechForPalestine
2025-04-07,57.0,50752.0,57,50752,17954,12365,115475.0,115475,57.0,Israel-Palestine,Gaza,TechForPalestine
2025-04-08,58.0,50810.0,58,50810,17954,12365,115688.0,115688,58.0,Israel-Palestine,Gaza,TechForPalestine
2025-04-09,36.0,50846.0,36,50846,17954,12365,115729.0,115729,36.0,Israel-Palestine,Gaza,TechForPalestine
2025-04-10,40.0,50886.0,40,50886,17954,12365,115875.0,115875,40.0,Israel-Palestine,Gaza,TechForPalestine
2025-04-11,26.0,50912.0,26,50912,17954,12365,115981.0,115981,26.0,Israel-Palestine,Gaza,TechForPalestine
2025-04-12,21.0,50933.0,21,50933,17954,12365,116045.0,116045,21.0,Israel-Palestine,Gaza,TechForPalestine
2025-04-13,11.0,50944.0,11,50944,17954,12365,116156.0,116156,11.0,Israel-Palestine,Gaza,TechForPalestine
2025-04-14,39.0,50983.0,39,50983,17954,12365,116274.0,116274,39.0,Israel-Palestine,Gaza,TechForPalestine
2025-04-15,17.0,51000.0,17,51000,17954,12365,116343.0,116343,17.0,Israel-Palestine,Gaza,TechForPalestine
2025-04-16,25.0,51025.0,25,51025,17954,12365,116432.0,116432,25.0,Israel-Palestine,Gaza,TechForPalestine
2025-04-17,40.0,51065.0,40,51065,17954,12365,116505.0,116505,40.0,Israel-Palestine,Gaza,TechForPalestine
2025-04-18,0.0,51065.0,0,51065,18000,12400,116505.0,116505,0.0,Israel-Palestine,Gaza,TechForPalestine
2025-04-19,92.0,51157.0,92,51157,18000,12400,116724.0,116724,92.0,Israel-Palestine,Gaza,TechForPalestine
2025-04-20,44.0,51201.0,44,51201,18000,12400,116869.0,116869,44.0,Israel-Palestine,Gaza,TechForPalestine
2025-04-21,39.0,51240.0,39,51240,18000,12400,116931.0,116931,39.0,Israel-Palestine,Gaza,TechForPalestine
2025-04-22,26.0,51266.0,26,51266,18000,12400,116991.0,116991,26.0,Israel-Palestine,Gaza,TechForPalestine
2025-04-23,39.0,51305.0,39,51305,18000,12400,117096.0,117096,39.0,Israel-Palestine,Gaza,TechForPalestine
2025-04-24,50.0,51355.0,50,51355,18000,12400,117248.0,117248,50.0,Israel-Palestine,Gaza,TechForPalestine
2025-04-25,84.0,51439.0,84,51439,18000,12400,117416.0,117416,84.0,Israel-Palestine,Gaza,TechForPalestine
2025-04-26,56.0,51495.0,56,51495,18000,12400,117524.0,117524,56.0,Israel-Palestine,Gaza,TechForPalestine
2025-04-27,748.0,52243.0,748,52243,18000,12400,117639.0,117639,748.0,Israel-Palestine,Gaza,TechForPalestine
2025-04-28,71.0,52314.0,71,52314,18000,12400,117792.0,117792,71.0,Israel-Palestine,Gaza,TechForPalestine
2025-04-29,51.0,52365.0,51,52365,18000,12400,117905.0,117905,51.0,Israel-Palestine,Gaza,TechForPalestine
2025-04-30,35.0,52400.0,35,52400,18000,12400,118014.0,118014,35.0,Israel-Palestine,Gaza,TechForPalestine
2025-05-01,18.0,52418.0,18,52418,18000,12400,118091.0,118091,18.0,Israel-Palestine,Gaza,TechForPalestine
2025-05-02,0.0,52418.0,0,52418,18000,12400,118091.0,118091,0.0,Israel-Palestine,Gaza,TechForPalestine
2025-05-03,77.0,52495.0,77,52495,18000,12400,118366.0,118366,77.0,Israel-Palestine,Gaza,TechForPalestine
2025-05-04,40.0,52535.0,40,52535,18000,12400,118491.0,118491,40.0,Israel-Palestine,Gaza,TechForPalestine
2025-05-05,32.0,52567.0,32,52567,18000,12400,118610.0,118610,32.0,Israel-Palestine,Gaza,TechForPalestine
2025-05-06,48.0,52615.0,48,52615,18000,12400,118752.0,118752,48.0,Israel-Palestine,Gaza,TechForPalestine
2025-05-07,38.0,52653.0,38,52653,18000,12400,118897.0,118897,38.0,Israel-Palestine,Gaza,TechForPalestine
2025-05-08,107.0,52760.0,107,52760,18000,12400,119264.0,119264,107.0,Israel-Palestine,Gaza,TechForPalestine
2025-05-09,27.0,52787.0,27,52787,18000,12400,119349.0,119349,27.0,Israel-Palestine,Gaza,TechForPalestine
2025-05-10,23.0,52810.0,23,52810,18000,12400,119473.0,119473,23.0,Israel-Palestine,Gaza,TechForPalestine
2025-05-11,19.0,52829.0,19,52829,18000,12400,119554.0,119554,19.0,Israel-Palestine,Gaza,TechForPalestine
2025-05-12,33.0,52862.0,33,52862,18000,12400,119648.0,119648,33.0,Israel-Palestine,Gaza,TechForPalestine
2025-05-13,46.0,52908.0,46,52908,18000,12400,119721.0,119721,46.0,Israel-Palestine,Gaza,TechForPalestine
2025-05-14,20.0,52928.0,20,52928,18000,12400,119846.0,119846,20.0,Israel-Palestine,Gaza,TechForPalestine
2025-05-15,82.0,53010.0,82,53010,18000,12400,119998.0,119998,82.0,Israel-Palestine,Gaza,TechForPalestine
2025-05-16,109.0,53119.0,109,53119,18000,12400,120214.0,120214,109.0,Israel-Palestine,Gaza,TechForPalestine
2025-05-17,153.0,53272.0,153,53272,18000,12400,120673.0,120673,153.0,Israel-Palestine,Gaza,TechForPalestine
2025-05-18,67.0,53339.0,67,53339,18000,12400,121034.0,121034,67.0,Israel-Palestine,Gaza,TechForPalestine
2025-05-19,136.0,53475.0,136,53475,18000,12400,121398.0,121398,136.0,Israel-Palestine,Gaza,TechForPalestine
2025-05-20,98.0,53573.0,98,53573,18000,12400,121688.0,121688,98.0,Israel-Palestine,Gaza,TechForPalestine
2025-05-21,82.0,53655.0,82,53655,18000,12400,121950.0,121950,82.0,Israel-Palestine,Gaza,TechForPalestine
2025-05-22,107.0,53762.0,107,53762,18000,12400,122197.0,122197,107.0,Israel-Palestine,Gaza,TechForPalestine
2025-05-23,60.0,53822.0,60,53822,18000,12400,122382.0,122382,60.0,Israel-Palestine,Gaza,TechForPalestine
2025-05-24,79.0,53901.0,79,53901,18000,12400,122593.0,122593,79.0,Israel-Palestine,Gaza,TechForPalestine
2025-05-25,38.0,53939.0,38,53939,18000,12400,122797.0,122797,38.0,Israel-Palestine,Gaza,TechForPalestine
2025-05-26,38.0,53977.0,38,53977,18000,12400,122966.0,122966,38.0,Israel-Palestine,Gaza,TechForPalestine
2025-05-27,79.0,54056.0,79,54056,18000,12400,123129.0,123129,79.0,Israel-Palestine,Gaza,TechForPalestine
2025-05-28,28.0,54084.0,28,54084,18000,12400,123308.0,123308,28.0,Israel-Palestine,Gaza,TechForPalestine
2025-05-29,165.0,54249.0,165,54249,18000,12400,123492.0,123492,165.0,Israel-Palestine,Gaza,TechForPalestine
2025-05-30,72.0,54321.0,72,54321,18000,12400,123770.0,123770,72.0,Israel-Palestine,Gaza,TechForPalestine
2025-05-31,60.0,54381.0,60,54381,18000,12400,124054.0,124054,60.0,Israel-Palestine,Gaza,TechForPalestine
2025-06-01,37.0,54418.0,37,54418,18000,12400,124190.0,124190,37.0,Israel-Palestine,Gaza,TechForPalestine
2025-06-02,52.0,54470.0,52,54470,18000,12400,124693.0,124693,52.0,Israel-Palestine,Gaza,TechForPalestine
2025-06-03,40.0,54510.0,40,54510,18000,12400,124901.0,124901,40.0,Israel-Palestine,Gaza,TechForPalestine
2025-06-04,97.0,54607.0,97,54607,18000,12400,125341.0,125341,97.0,Israel-Palestine,Gaza,TechForPalestine
2025-06-05,70.0,54677.0,70,54677,18000,12400,125530.0,125530,70.0,Israel-Palestine,Gaza,TechForPalestine
2025-06-06,0.0,54677.0,0,54677,18000,12400,125530.0,125530,0.0,Israel-Palestine,Gaza,TechForPalestine
2025-06-07,95.0,54772.0,95,54772,18000,12400,125834.0,125834,95.0,Israel-Palestine,Gaza,TechForPalestine
2025-06-08,108.0,54880.0,108,54880,18000,12400,126227.0,126227,108.0,Israel-Palestine,Gaza,TechForPalestine
2025-06-09,47.0,54927.0,47,54927,18000,12400,126615.0,126615,47.0,Israel-Palestine,Gaza,TechForPalestine
2025-06-10,54.0,54981.0,54,54981,18000,12400,126920.0,126920,54.0,Israel-Palestine,Gaza,TechForPalestine
2025-06-11,123.0,55104.0,123,55104,18000,12400,127394.0,127394,123.0,Israel-Palestine,Gaza,TechForPalestine
2025-06-12,103.0,55207.0,103,55207,18000,12400,127821.0,127821,103.0,Israel-Palestine,Gaza,TechForPalestine
2025-06-13,0.0,55207.0,0,55207,18000,12400,127821.0,127821,0.0,Israel-Palestine,Gaza,TechForPalestine
2025-06-14,90.0,55297.0,90,55297,18000,12400,128426.0,128426,90.0,Israel-Palestine,Gaza,TechForPalestine
2025-06-15,65.0,55362.0,65,55362,18000,12400,128741.0,128741,65.0,Israel-Palestine,Gaza,TechForPalestine
2025-06-16,70.0,55432.0,70,55432,18000,12400,128923.0,128923,70.0,Israel-Palestine,Gaza,TechForPalestine
2025-06-17,61.0,55493.0,61,55493,18000,12400,129320.0,129320,61.0,Israel-Palestine,Gaza,TechForPalestine
2025-06-18,144.0,55637.0,144,55637,18000,12400,129880.0,129880,144.0,Israel-Palestine,Gaza,TechForPalestine
2025-06-19,69.0,55706.0,69,55706,18000,12400,130101.0,130101,69.0,Israel-Palestine,Gaza,TechForPalestine
2025-06-20,0.0,55706.0,0,55706,18000,12400,130101.0,130101,0.0,Israel-Palestine,Gaza,TechForPalestine
2025-06-21,202.0,55908.0,202,55908,18000,12400,131138.0,131138,202.0,Israel-Palestine,Gaza,TechForPalestine
2025-06-22,51.0,55959.0,51,55959,18000,12400,131242.0,131242,51.0,Israel-Palestine,Gaza,TechForPalestine
2025-06-23,39.0,55998.0,39,55998,18000,12400,131559.0,131559,39.0,Israel-Palestine,Gaza,TechForPalestine
2025-06-24,79.0,56077.0,79,56077,18000,12400,131848.0,131848,79.0,Israel-Palestine,Gaza,TechForPalestine
2025-06-25,79.0,56156.0,79,56156,18000,12400,132239.0,132239,79.0,Israel-Palestine,Gaza,TechForPalestine
2025-06-26,103.0,56259.0,103,56259,18000,12400,132458.0,132458,103.0,Israel-Palestine,Gaza,TechForPalestine
2025-06-27,72.0,56331.0,72,56331,18000,12400,132632.0,132632,72.0,Israel-Palestine,Gaza,TechForPalestine
2025-06-28,81.0,56412.0,81,56412,18000,12400,133054.0,133054,81.0,Israel-Palestine,Gaza,TechForPalestine
2025-06-29,88.0,56500.0,88,56500,18000,12400,133419.0,133419,88.0,Israel-Palestine,Gaza,TechForPalestine
2025-06-30,31.0,56531.0,31,56531,18000,12400,133642.0,133642,31.0,Israel-Palestine,Gaza,TechForPalestine
2025-07-01,116.0,56647.0,116,56647,18000,12400,134105.0,134105,116.0,Israel-Palestine,Gaza,TechForPalestine
2025-07-02,365.0,57012.0,365,57012,18000,12400,134592.0,134592,365.0,Israel-Palestine,Gaza,TechForPalestine
2025-07-03,118.0,57130.0,118,57130,18000,12400,135173.0,135173,118.0,Israel-Palestine,Gaza,TechForPalestine
2025-07-04,138.0,57268.0,138,57268,18000,12400,135625.0,135625,138.0,Israel-Palestine,Gaza,TechForPalestine
2025-07-05,70.0,57338.0,70,57338,18000,12400,135957.0,135957,70.0,Israel-Palestine,Gaza,TechForPalestine
2025-07-06,80.0,57418.0,80,57418,18000,12400,136261.0,136261,80.0,Israel-Palestine,Gaza,TechForPalestine
2025-07-07,105.0,57523.0,105,57523,18000,12400,136617.0,136617,105.0,Israel-Palestine,Gaza,TechForPalestine
2025-07-08,52.0,57575.0,52,57575,18000,12400,136879.0,136879,52.0,Israel-Palestine,Gaza,TechForPalestine
2025-07-09,105.0,57680.0,105,57680,18000,12400,137409.0,137409,105.0,Israel-Palestine,Gaza,TechForPalestine
2025-07-10,82.0,57762.0,82,57762,18000,12400,137656.0,137656,82.0,Israel-Palestine,Gaza,TechForPalestine
2025-07-11,61.0,57823.0,61,57823,18000,12400,137887.0,137887,61.0,Israel-Palestine,Gaza,TechForPalestine
2025-07-12,59.0,57882.0,59,57882,18000,12400,138095.0,138095,59.0,Israel-Palestine,Gaza,TechForPalestine
2025-07-13,144.0,58026.0,144,58026,18000,12400,138520.0,138520,144.0,Israel-Palestine,Gaza,TechForPalestine
2025-07-14,360.0,58386.0,360,58386,18000,12400,139077.0,139077,360.0,Israel-Palestine,Gaza,TechForPalestine
2025-07-15,93.0,58479.0,93,58479,18000,12400,139355.0,139355,93.0,Israel-Palestine,Gaza,TechForPalestine
2025-07-16,94.0,58573.0,94,58573,18000,12400,139607.0,139607,94.0,Israel-Palestine,Gaza,TechForPalestine
2025-07-17,94.0,58667.0,94,58667,18000,12400,139974.0,139974,94.0,Israel-Palestine,Gaza,TechForPalestine
2025-07-18,0.0,58667.0,0,58667,19000,12500,139974.0,139974,0.0,Israel-Palestine,Gaza,TechForPalestine
2025-07-19,98.0,58765.0,98,58765,19000,12500,140485.0,140485,98.0,Israel-Palestine,Gaza,TechForPalestine
2025-07-20,130.0,58895.0,130,58895,19000,12500,140980.0,140980,130.0,Israel-Palestine,Gaza,TechForPalestine
2025-07-21,134.0,59029.0,134,59029,19000,12500,142135.0,142135,134.0,Israel-Palestine,Gaza,TechForPalestine
2025-07-22,77.0,59106.0,77,59106,19000,12500,142511.0,142511,77.0,Israel-Palestine,Gaza,TechForPalestine
2025-07-23,113.0,59219.0,113,59219,19000,12500,143045.0,143045,113.0,Israel-Palestine,Gaza,TechForPalestine
2025-07-24,368.0,59587.0,368,59587,19000,12500,143498.0,143498,368.0,Israel-Palestine,Gaza,TechForPalestine
2025-07-25,89.0,59676.0,89,59676,19000,12500,143965.0,143965,89.0,Israel-Palestine,Gaza,TechForPalestine
2025-07-26,57.0,59733.0,57,59733,19000,12500,144477.0,144477,57.0,Israel-Palestine,Gaza,TechForPalestine
2025-07-27,88.0,59821.0,88,59821,19000,12500,144851.0,144851,88.0,Israel-Palestine,Gaza,TechForPalestine
2025-07-28,100.0,59921.0,100,59921,19000,12500,145233.0,145233,100.0,Israel-Palestine,Gaza,TechForPalestine
2025-07-29,113.0,60034.0,113,60034,19000,12500,145870.0,145870,113.0,Israel-Palestine,Gaza,TechForPalestine
2025-07-30,104.0,60138.0,104,60138,19000,12500,146269.0,146269,104.0,Israel-Palestine,Gaza,TechForPalestine
2025-07-31,111.0,60249.0,111,60249,19000,12500,147089.0,147089,111.0,Israel-Palestine,Gaza,TechForPalestine
2025-08-01,83.0,60332.0,83,60332,19000,12500,147643.0,147643,83.0,Israel-Palestine,Gaza,TechForPalestine
2025-08-02,98.0,60430.0,98,60430,19000,12500,148722.0,148722,98.0,Israel-Palestine,Gaza,TechForPalestine
2025-08-03,409.0,60839.0,409,60839,19000,12500,149588.0,149588,409.0,Israel-Palestine,Gaza,TechForPalestine
2025-08-04,94.0,60933.0,94,60933,19000,12500,150027.0,150027,94.0,Israel-Palestine,Gaza,TechForPalestine
2025-08-05,87.0,61020.0,87,61020,19000,12500,150671.0,150671,87.0,Israel-Palestine,Gaza,TechForPalestine
2025-08-06,138.0,61158.0,138,61158,19000,12500,151442.0,151442,138.0,Israel-Palestine,Gaza,TechForPalestine
2025-08-07,100.0,61258.0,100,61258,19000,12500,152045.0,152045,100.0,Israel-Palestine,Gaza,TechForPalestine
2025-08-08,72.0,61330.0,72,61330,19000,12500,152359.0,152359,72.0,Israel-Palestine,Gaza,TechForPalestine
2025-08-09,39.0,61369.0,39,61369,19000,12500,152850.0,152850,39.0,Israel-Palestine,Gaza,TechForPalestine
2025-08-10,61.0,61430.0,61,61430,19000,12500,153213.0,153213,61.0,Israel-Palestine,Gaza,TechForPalestine
2025-08-11,69.0,61499.0,69,61499,19000,12500,153575.0,153575,69.0,Israel-Palestine,Gaza,TechForPalestine
2025-08-12,100.0,61599.0,100,61599,19000,12500,154088.0,154088,100.0,Israel-Palestine,Gaza,TechForPalestine
2025-08-13,123.0,61722.0,123,61722,19000,12500,154525.0,154525,123.0,Israel-Palestine,Gaza,TechForPalestine
2025-08-14,54.0,61776.0,54,61776,19000,12500,154906.0,154906,54.0,Israel-Palestine,Gaza,TechForPalestine
2025-08-15,51.0,61827.0,51,61827,19000,12500,155275.0,155275,51.0,Israel-Palestine,Gaza,TechForPalestine
2025-08-16,70.0,61897.0,70,61897,19000,12500,155660.0,155660,70.0,Israel-Palestine,Gaza,TechForPalestine
2025-08-17,47.0,61944.0,47,61944,19000,12500,155886.0,155886,47.0,Israel-Palestine,Gaza,TechForPalestine
2025-08-18,60.0,62004.0,60,62004,19000,12500,156230.0,156230,60.0,Israel-Palestine,Gaza,TechForPalestine
2025-08-19,60.0,62064.0,60,62064,19000,12500,156573.0,156573,60.0,Israel-Palestine,Gaza,TechForPalestine
2025-08-20,58.0,62122.0,58,62122,19000,12500,156758.0,156758,58.0,Israel-Palestine,Gaza,TechForPalestine
2025-08-21,70.0,62192.0,70,62192,19000,12500,157114.0,157114,70.0,Israel-Palestine,Gaza,TechForPalestine
2025-08-22,71.0,62263.0,71,62263,19000,12500,157365.0,157365,71.0,Israel-Palestine,Gaza,TechForPalestine
2025-08-23,359.0,62622.0,359,62622,19000,12500,157673.0,157673,359.0,Israel-Palestine,Gaza,TechForPalestine
2025-08-24,64.0,62686.0,64,62686,19000,12500,157951.0,157951,64.0,Israel-Palestine,Gaza,TechForPalestine
2025-08-25,58.0,62744.0,58,62744,19000,12500,158259.0,158259,58.0,Israel-Palestine,Gaza,TechForPalestine
2025-08-26,75.0,62819.0,75,62819,19000,12500,158629.0,158629,75.0,Israel-Palestine,Gaza,TechForPalestine
2025-08-27,76.0,62895.0,76,62895,19000,12500,158927.0,158927,76.0,Israel-Palestine,Gaza,TechForPalestine
2025-08-28,71.0,62966.0,71,62966,19000,12500,159266.0,159266,71.0,Israel-Palestine,Gaza,TechForPalestine
2025-08-29,59.0,63025.0,59,63025,19000,12500,159490.0,159490,59.0,Israel-Palestine,Gaza,TechForPalestine
2025-08-30,346.0,63371.0,346,63371,19000,12500,159835.0,159835,346.0,Israel-Palestine,Gaza,TechForPalestine
2025-08-31,88.0,63459.0,88,63459,19000,12500,160256.0,160256,88.0,Israel-Palestine,Gaza,TechForPalestine
2025-09-01,98.0,63557.0,98,63557,19000,12500,160660.0,160660,98.0,Israel-Palestine,Gaza,TechForPalestine
2025-09-02,76.0,63633.0,76,63633,19000,12500,160914.0,160914,76.0,Israel-Palestine,Gaza,TechForPalestine
2025-09-03,113.0,63746.0,113,63746,19000,12500,161245.0,161245,113.0,Israel-Palestine,Gaza,TechForPalestine
2025-09-04,485.0,64231.0,485,64231,19000,12500,161583.0,161583,485.0,Israel-Palestine,Gaza,TechForPalestine
2025-09-05,69.0,64300.0,69,64300,20000,12500,162005.0,162005,69.0,Israel-Palestine,Gaza,TechForPalestine
2025-09-06,68.0,64368.0,68,64368,20000,12500,162367.0,162367,68.0,Israel-Palestine,Gaza,TechForPalestine
2025-09-07,87.0,64455.0,87,64455,20000,12500,162776.0,162776,87.0,Israel-Palestine,Gaza,TechForPalestine
2025-09-08,67.0,64522.0,67,64522,20000,12500,163096.0,163096,67.0,Israel-Palestine,Gaza,TechForPalestine
2025-09-09,83.0,64605.0,83,64605,20000,12500,163319.0,163319,83.0,Israel-Palestine,Gaza,TechForPalestine
2025-09-10,51.0,64656.0,51,64656,20000,12500,163503.0,163503,51.0,Israel-Palestine,Gaza,TechForPalestine
2025-09-11,62.0,64718.0,62,64718,20000,12500,163859.0,163859,62.0,Israel-Palestine,Gaza,TechForPalestine
2025-09-12,38.0,64756.0,38,64756,20000,12500,164059.0,164059,38.0,Israel-Palestine,Gaza,TechForPalestine
2025-09-13,47.0,64803.0,47,64803,20000,12500,164264.0,164264,47.0,Israel-Palestine,Gaza,TechForPalestine
2025-09-14,68.0,64871.0,68,64871,20000,12500,164610.0,164610,68.0,Israel-Palestine,Gaza,TechForPalestine
2025-09-15,34.0,64905.0,34,64905,20000,12500,164926.0,164926,34.0,Israel-Palestine,Gaza,TechForPalestine
2025-09-16,59.0,64964.0,59,64964,20000,12500,165312.0,165312,59.0,Israel-Palestine,Gaza,TechForPalestine
2025-09-17,98.0,65062.0,98,65062,20000,12500,165697.0,165697,98.0,Israel-Palestine,Gaza,TechForPalestine
2025-09-18,79.0,65141.0,79,65141,20000,12500,165925.0,165925,79.0,Israel-Palestine,Gaza,TechForPalestine
2025-09-19,33.0,65174.0,33,65174,20000,12500,166071.0,166071,33.0,Israel-Palestine,Gaza,TechForPalestine
2025-09-20,34.0,65208.0,34,65208,20000,12500,166271.0,166271,34.0,Israel-Palestine,Gaza,TechForPalestine
2025-09-21,75.0,65283.0,75,65283,20000,12500,166575.0,166575,75.0,Israel-Palestine,Gaza,TechForPalestine
2025-09-22,61.0,65344.0,61,65344,20000,12500,166795.0,166795,61.0,Israel-Palestine,Gaza,TechForPalestine
2025-09-23,38.0,65382.0,38,65382,20000,12500,166985.0,166985,38.0,Israel-Palestine,Gaza,TechForPalestine
2025-09-24,37.0,65419.0,37,65419,20000,12500,167160.0,167160,37.0,Israel-Palestine,Gaza,TechForPalestine
2025-09-25,83.0,65502.0,83,65502,20000,12500,167376.0,167376,83.0,Israel-Palestine,Gaza,TechForPalestine
2025-09-26,47.0,65549.0,47,65549,20000,12500,167518.0,167518,47.0,Israel-Palestine,Gaza,TechForPalestine
2025-09-27,377.0,65926.0,377,65926,20000,12500,167783.0,167783,377.0,Israel-Palestine,Gaza,TechForPalestine
2025-09-28,79.0,66005.0,79,66005,20000,12500,168162.0,168162,79.0,Israel-Palestine,Gaza,TechForPalestine
2025-09-29,50.0,66055.0,50,66055,20000,12500,168346.0,168346,50.0,Israel-Palestine,Gaza,TechForPalestine
2025-09-30,42.0,66097.0,42,66097,20000,12500,168536.0,168536,42.0,Israel-Palestine,Gaza,TechForPalestine
2025-10-01,51.0,66148.0,51,66148,20000,12500,168716.0,168716,51.0,Israel-Palestine,Gaza,TechForPalestine
2025-10-02,77.0,66225.0,77,66225,20000,12500,168938.0,168938,77.0,Israel-Palestine,Gaza,TechForPalestine
2025-10-03,63.0,66288.0,63,66288,20000,12500,169165.0,169165,63.0,Israel-Palestine,Gaza,TechForPalestine
2025-10-04,786.0,67074.0,786,67074,20000,12500,169430.0,169430,786.0,Israel-Palestine,Gaza,TechForPalestine
2025-10-05,65.0,67139.0,65,67139,20000,12500,169583.0,169583,65.0,Israel-Palestine,Gaza,TechForPalestine
2025-10-06,21.0,67160.0,21,67160,20000,12500,169679.0,169679,21.0,Israel-Palestine,Gaza,TechForPalestine
2025-10-07,13.0,67173.0,13,67173,20179,12500,169780.0,169780,13.0,Israel-Palestine,Gaza,TechForPalestine
2025-10-08,10.0,67183.0,10,67183,20179,12500,169841.0,169841,10.0,Israel-Palestine,Gaza,TechForPalestine
2025-10-09,11.0,67194.0,11,67194,20179,12500,169890.0,169890,11.0,Israel-Palestine,Gaza,TechForPalestine
2025-10-10,17.0,67211.0,17,67211,20179,12500,169961.0,169961,17.0,Israel-Palestine,Gaza,TechForPalestine
2025-10-11,471.0,67682.0,471,67682,20179,12500,170033.0,170033,471.0,Israel-Palestine,Gaza,TechForPalestine
2025-10-12,124.0,67806.0,124,67806,20179,12500,170066.0,170066,124.0,Israel-Palestine,Gaza,TechForPalestine
2025-10-13,63.0,67869.0,63,67869,20179,12500,170105.0,170105,63.0,Israel-Palestine,Gaza,TechForPalestine
2025-10-14,44.0,67913.0,44,67913,20179,12500,170134.0,170134,44.0,Israel-Palestine,Gaza,TechForPalestine
2025-10-15,25.0,67938.0,25,67938,20179,12500,170169.0,170169,25.0,Israel-Palestine,Gaza,TechForPalestine
2025-10-16,29.0,67967.0,29,67967,20179,12500,170179.0,170179,29.0,Israel-Palestine,Gaza,TechForPalestine
2025-10-17,0.0,67967.0,0,67967,20179,12500,170179.0,170179,0.0,Israel-Palestine,Gaza,TechForPalestine
2025-10-18,149.0,68116.0,149,68116,20179,12500,170200.0,170200,149.0,Israel-Palestine,Gaza,TechForPalestine
2025-10-19,43.0,68159.0,43,68159,20179,12500,170203.0,170203,43.0,Israel-Palestine,Gaza,TechForPalestine
2025-10-20,57.0,68216.0,57,68216,20179,12500,170361.0,170361,57.0,Israel-Palestine,Gaza,TechForPalestine
2025-10-21,13.0,68229.0,13,68229,20179,12500,170369.0,170369,13.0,Israel-Palestine,Gaza,TechForPalestine
2025-10-22,5.0,68234.0,5,68234,20179,12500,170373.0,170373,5.0,Israel-Palestine,Gaza,TechForPalestine
2025-10-23,46.0,68280.0,46,68280,20179,12500,170375.0,170375,46.0,Israel-Palestine,Gaza,TechForPalestine
2025-10-24,0.0,68280.0,0,68280,20179,12500,170375.0,170375,0.0,Israel-Palestine,Gaza,TechForPalestine
2025-10-25,239.0,68519.0,239,68519,20179,12500,170382.0,170382,239.0,Israel-Palestine,Gaza,TechForPalestine
2025-10-26,0.0,68519.0,0,68519,20179,12500,170382.0,170382,0.0,Israel-Palestine,Gaza,TechForPalestine
2025-10-27,8.0,68527.0,8,68527,20179,12500,170395.0,170395,8.0,Israel-Palestine,Gaza,TechForPalestine
2025-10-28,4.0,68531.0,4,68531,20179,12500,170402.0,170402,4.0,Israel-Palestine,Gaza,TechForPalestine
2025-10-29,104.0,68635.0,104,68635,20179,12500,170655.0,170655,104.0,Israel-Palestine,Gaza,TechForPalestine
2025-10-30,8.0,68643.0,8,68643,20179,12500,170655.0,170655,8.0,Israel-Palestine,Gaza,TechForPalestine
2025-10-31,0.0,68643.0,0,68643,20179,12500,170655.0,170655,0.0,Israel-Palestine,Gaza,TechForPalestine
2025-11-01,215.0,68858.0,215,68858,20179,12500,170664.0,170664,215.0,Israel-Palestine,Gaza,TechForPalestine
2025-11-02,7.0,68865.0,7,68865,20179,12500,170670.0,170670,7.0,Israel-Palestine,Gaza,TechForPalestine
2025-11-03,10.0,68875.0,10,68875,20179,12500,170670.0,170670,10.0,Israel-Palestine,Gaza,TechForPalestine
2025-11-04,4.0,68879.0,4,68879,20179,12500,170671.0,170671,4.0,Israel-Palestine,Gaza,TechForPalestine
2025-11-05,3.0,68882.0,3,68882,20179,12500,170673.0,170673,3.0,Israel-Palestine,Gaza,TechForPalestine
2025-11-06,0.0,68882.0,0,68882,20179,12500,170673.0,170673,0.0,Israel-Palestine,Gaza,TechForPalestine
2025-11-07,0.0,68882.0,0,68882,20179,12500,170673.0,170673,0.0,Israel-Palestine,Gaza,TechForPalestine
2025-11-08,287.0,69169.0,287,69169,20179,12500,170685.0,170685,287.0,Israel-Palestine,Gaza,TechForPalestine
2025-11-09,7.0,69176.0,7,69176,20179,12500,170690.0,170690,7.0,Israel-Palestine,Gaza,TechForPalestine
2025-11-10,3.0,69179.0,3,69179,20179,12500,170693.0,170693,3.0,Israel-Palestine,Gaza,TechForPalestine
2025-11-11,3.0,69182.0,3,69182,20179,12500,170694.0,170694,3.0,Israel-Palestine,Gaza,TechForPalestine
2025-11-12,3.0,69185.0,3,69185,20179,12500,170698.0,170698,3.0,Israel-Palestine,Gaza,TechForPalestine
2025-11-13,2.0,69187.0,2,69187,20179,12500,170703.0,170703,2.0,Israel-Palestine,Gaza,TechForPalestine
2025-11-14,0.0,69187.0,0,69187,20179,12500,170703.0,170703,0.0,Israel-Palestine,Gaza,TechForPalestine
2025-11-15,0.0,69187.0,0,69187,20179,12500,170703.0,170703,0.0,Israel-Palestine,Gaza,TechForPalestine
2025-11-16,296.0,69483.0,296,69483,20179,12500,170706.0,170706,296.0,Israel-Palestine,Gaza,TechForPalestine
2025-11-17,23.0,69506.0,23,69506,20179,12500,170712.0,170712,23.0,Israel-Palestine,Gaza,TechForPalestine
2025-11-18,0.0,69506.0,0,69506,20179,12500,170712.0,170712,0.0,Israel-Palestine,Gaza,TechForPalestine
2025-11-19,7.0,69513.0,7,69513,20179,12500,170745.0,170745,7.0,Israel-Palestine,Gaza,TechForPalestine
2025-11-20,33.0,69546.0,33,69546,20179,12500,170833.0,170833,33.0,Israel-Palestine,Gaza,TechForPalestine
2025-11-21,0.0,69546.0,0,69546,20179,12500,170833.0,170833,0.0,Israel-Palestine,Gaza,TechForPalestine
2025-11-22,187.0,69733.0,187,69733,20179,12500,170863.0,170863,187.0,Israel-Palestine,Gaza,TechForPalestine
2025-11-23,23.0,69756.0,23,69756,20179,12500,170946.0,170946,23.0,Israel-Palestine,Gaza,TechForPalestine
2025-11-24,2.0,69758.0,2,69758,20179,12500,170949.0,170949,2.0,Israel-Palestine,Gaza,TechForPalestine
2025-11-25,17.0,69775.0,17,69775,20179,12500,170965.0,170965,17.0,Israel-Palestine,Gaza,TechForPalestine
2025-11-26,10.0,69785.0,10,69785,20179,12500,170965.0,170965,10.0,Israel-Palestine,Gaza,TechForPalestine
2025-11-27,14.0,69799.0,14,69799,20179,12500,170972.0,170972,14.0,Israel-Palestine,Gaza,TechForPalestine
2025-11-28,0.0,69799.0,0,69799,20179,12500,170972.0,170972,0.0,Israel-Palestine,Gaza,TechForPalestine
2025-11-29,301.0,70100.0,301,70100,20179,12500,170983.0,170983,301.0,Israel-Palestine,Gaza,TechForPalestine
2025-11-30,3.0,70103.0,3,70103,20179,12500,170985.0,170985,3.0,Israel-Palestine,Gaza,TechForPalestine
2025-12-01,9.0,70112.0,9,70112,20179,12500,170986.0,170986,9.0,Israel-Palestine,Gaza,TechForPalestine
2025-12-02,0.0,70112.0,0,70112,20179,12500,170986.0,170986,0.0,Israel-Palestine,Gaza,TechForPalestine
2025-12-03,5.0,70117.0,5,70117,20179,12500,170999.0,170999,5.0,Israel-Palestine,Gaza,TechForPalestine
2025-12-04,8.0,70125.0,8,70125,20179,12500,171015.0,171015,8.0,Israel-Palestine,Gaza,TechForPalestine
2025-12-05,0.0,70125.0,0,70125,20179,12500,171015.0,171015,0.0,Israel-Palestine,Gaza,TechForPalestine
2025-12-06,229.0,70354.0,229,70354,20179,12500,171030.0,171030,229.0,Israel-Palestine,Gaza,TechForPalestine
2025-12-07,6.0,70360.0,6,70360,20179,12500,171047.0,171047,6.0,Israel-Palestine,Gaza,TechForPalestine
2025-12-08,5.0,70365.0,5,70365,20179,12500,171058.0,171058,5.0,Israel-Palestine,Gaza,TechForPalestine
2025-12-09,1.0,70366.0,1,70366,20179,12500,171064.0,171064,1.0,Israel-Palestine,Gaza,TechForPalestine
2025-12-10,3.0,70369.0,3,70369,20179,12500,171069.0,171069,3.0,Israel-Palestine,Gaza,TechForPalestine
2025-12-11,4.0,70373.0,4,70373,20179,12500,171079.0,171079,4.0,Israel-Palestine,Gaza,TechForPalestine
2025-12-12,0.0,70373.0,0,70373,20179,12500,171079.0,171079,0.0,Israel-Palestine,Gaza,TechForPalestine
2025-12-13,281.0,70654.0,281,70654,20179,12500,171095.0,171095,281.0,Israel-Palestine,Gaza,TechForPalestine
2025-12-14,9.0,70663.0,9,70663,20179,12500,171140.0,171140,9.0,Israel-Palestine,Gaza,TechForPalestine
2025-12-15,2.0,70665.0,2,70665,20179,12500,171146.0,171146,2.0,Israel-Palestine,Gaza,TechForPalestine
2025-12-16,2.0,70667.0,2,70667,20179,12500,171152.0,171152,2.0,Israel-Palestine,Gaza,TechForPalestine
2025-12-17,1.0,70668.0,1,70668,20179,12500,171153.0,171153,1.0,Israel-Palestine,Gaza,TechForPalestine
2025-12-18,1.0,70669.0,1,70669,20179,12500,171154.0,171154,1.0,Israel-Palestine,Gaza,TechForPalestine
2025-12-19,0.0,70669.0,0,70669,20179,12500,171165.0,171165,0.0,Israel-Palestine,Gaza,TechForPalestine
2025-12-20,256.0,70925.0,256,70925,20179,12500,171185.0,171185,256.0,Israel-Palestine,Gaza,TechForPalestine
2025-12-21,0.0,70925.0,0,70925,20179,12500,171185.0,171185,0.0,Israel-Palestine,Gaza,TechForPalestine
2025-12-22,12.0,70937.0,12,70937,20179,12500,171192.0,171192,12.0,Israel-Palestine,Gaza,TechForPalestine
2025-12-23,5.0,70942.0,5,70942,20179,12500,171195.0,171195,5.0,Israel-Palestine,Gaza,TechForPalestine
2025-12-24,0.0,70942.0,0,70942,20179,12500,171195.0,171195,0.0,Israel-Palestine,Gaza,TechForPalestine
2025-12-25,0.0,70942.0,0,70942,20179,12500,171195.0,171195,0.0,Israel-Palestine,Gaza,TechForPalestine
2025-12-26,3.0,70945.0,3,70945,20179,12500,171211.0,171211,3.0,Israel-Palestine,Gaza,TechForPalestine
2025-12-27,321.0,71266.0,321,71266,20179,12500,171219.0,171219,321.0,Israel-Palestine,Gaza,TechForPalestine
2025-12-28,0.0,71266.0,0,71266,20179,12500,171219.0,171219,0.0,Israel-Palestine,Gaza,TechForPalestine
2025-12-29,1.0,71267.0,1,71267,20179,12500,171222.0,171222,1.0,Israel-Palestine,Gaza,TechForPalestine
2025-12-30,0.0,71267.0,0,71267,20179,12500,171222.0,171222,0.0,Israel-Palestine,Gaza,TechForPalestine
2025-12-31,2.0,71269.0,2,71269,20179,12500,171232.0,171232,2.0,Israel-Palestine,Gaza,TechForPalestine
2026-01-01,2.0,71271.0,2,71271,20179,12500,171233.0,171233,2.0,Israel-Palestine,Gaza,TechForPalestine
2026-01-02,0.0,71271.0,0,71271,20179,12500,171233.0,171233,0.0,Israel-Palestine,Gaza,TechForPalestine
2026-01-03,113.0,71384.0,113,71384,20179,12500,171251.0,171251,113.0,Israel-Palestine,Gaza,TechForPalestine
2026-01-04,2.0,71386.0,2,71386,20179,12500,171264.0,171264,2.0,Israel-Palestine,Gaza,TechForPalestine
2026-01-05,2.0,71388.0,2,71388,20179,12500,171269.0,171269,2.0,Israel-Palestine,Gaza,TechForPalestine
2026-01-06,3.0,71391.0,3,71391,20179,12500,171279.0,171279,3.0,Israel-Palestine,Gaza,TechForPalestine
2026-01-07,0.0,71391.0,0,71391,20179,12500,171279.0,171279,0.0,Israel-Palestine,Gaza,TechForPalestine
2026-01-08,4.0,71395.0,4,71395,20179,12500,171287.0,171287,4.0,Israel-Palestine,Gaza,TechForPalestine
2026-01-09,14.0,71409.0,14,71409,20179,12500,171304.0,171304,14.0,Israel-Palestine,Gaza,TechForPalestine
2026-01-10,0.0,71409.0,0,71409,20179,12500,171304.0,171304,0.0,Israel-Palestine,Gaza,TechForPalestine
2026-01-11,3.0,71412.0,3,71412,20179,12500,171314.0,171314,3.0,Israel-Palestine,Gaza,TechForPalestine
2026-01-12,7.0,71419.0,7,71419,20179,12500,171318.0,171318,7.0,Israel-Palestine,Gaza,TechForPalestine
2026-01-13,5.0,71424.0,5,71424,20179,12500,171324.0,171324,5.0,Israel-Palestine,Gaza,TechForPalestine
2026-01-14,15.0,71439.0,15,71439,20179,12500,171324.0,171324,15.0,Israel-Palestine,Gaza,TechForPalestine
2026-01-15,2.0,71441.0,2,71441,20179,12500,171329.0,171329,2.0,Israel-Palestine,Gaza,TechForPalestine
2026-01-16,14.0,71455.0,14,71455,20179,12500,171347.0,171347,14.0,Israel-Palestine,Gaza,TechForPalestine
2026-01-17,93.0,71548.0,93,71548,20179,12500,171353.0,171353,93.0,Israel-Palestine,Gaza,TechForPalestine
2026-01-18,0.0,71548.0,0,71548,20179,12500,171353.0,171353,0.0,Israel-Palestine,Gaza,TechForPalestine
2026-01-19,2.0,71550.0,2,71550,20179,12500,171365.0,171365,2.0,Israel-Palestine,Gaza,TechForPalestine
2026-01-20,1.0,71551.0,1,71551,20179,12500,171372.0,171372,1.0,Israel-Palestine,Gaza,TechForPalestine
2026-01-21,0.0,71551.0,0,71551,20179,12500,171372.0,171372,0.0,Israel-Palestine,Gaza,TechForPalestine
2026-01-22,11.0,71562.0,11,71562,20179,12500,171379.0,171379,11.0,Israel-Palestine,Gaza,TechForPalestine
2026-01-23,0.0,71562.0,0,71562,20179,12500,171379.0,171379,0.0,Israel-Palestine,Gaza,TechForPalestine
2026-01-24,92.0,71654.0,92,71654,20179,12500,171391.0,171391,92.0,Israel-Palestine,Gaza,TechForPalestine
2026-01-25,3.0,71657.0,3,71657,20179,12500,171399.0,171399,3.0,Israel-Palestine,Gaza,TechForPalestine
2026-01-26,3.0,71660.0,3,71660,20179,12500,171419.0,171419,3.0,Israel-Palestine,Gaza,TechForPalestine
2026-01-27,2.0,71662.0,2,71662,20179,12500,171428.0,171428,2.0,Israel-Palestine,Gaza,TechForPalestine
2026-01-28,5.0,71667.0,5,71667,20179,12500,171434.0,171434,5.0,Israel-Palestine,Gaza,TechForPalestine
2026-01-29,0.0,71667.0,0,71667,20179,12500,171434.0,171434,0.0,Israel-Palestine,Gaza,TechForPalestine
2026-01-30,0.0,71667.0,0,71667,20179,12500,171434.0,171434,0.0,Israel-Palestine,Gaza,TechForPalestine
2026-01-31,102.0,71769.0,102,71769,20179,12500,171483.0,171483,102.0,Israel-Palestine,Gaza,TechForPalestine
2026-02-01,26.0,71795.0,26,71795,20179,12500,171551.0,171551,26.0,Israel-Palestine,Gaza,TechForPalestine
2026-02-02,5.0,71800.0,5,71800,20179,12500,171555.0,171555,5.0,Israel-Palestine,Gaza,TechForPalestine
2026-02-03,3.0,71803.0,3,71803,20179,12500,171570.0,171570,3.0,Israel-Palestine,Gaza,TechForPalestine
2026-02-04,21.0,71824.0,21,71824,20179,12500,171608.0,171608,21.0,Israel-Palestine,Gaza,TechForPalestine
2026-02-05,27.0,71851.0,27,71851,20179,12500,171626.0,171626,27.0,Israel-Palestine,Gaza,TechForPalestine
2026-02-06,0.0,71851.0,0,71851,20179,12500,171626.0,171626,0.0,Israel-Palestine,Gaza,TechForPalestine
2026-02-07,176.0,72027.0,176,72027,20179,12500,171651.0,171651,176.0,Israel-Palestine,Gaza,TechForPalestine
2026-02-08,0.0,72027.0,0,72027,20179,12500,171651.0,171651,0.0,Israel-Palestine,Gaza,TechForPalestine
2026-02-09,5.0,72032.0,5,72032,20179,12500,171661.0,171661,5.0,Israel-Palestine,Gaza,TechForPalestine
2026-02-10,5.0,72037.0,5,72037,20179,12500,171666.0,171666,5.0,Israel-Palestine,Gaza,TechForPalestine
2026-02-11,8.0,72045.0,8,72045,20179,12500,171686.0,171686,8.0,Israel-Palestine,Gaza,TechForPalestine
2026-02-12,4.0,72049.0,4,72049,20179,12500,171691.0,171691,4.0,Israel-Palestine,Gaza,TechForPalestine
2026-02-13,0.0,72049.0,0,72049,20179,12500,171691.0,171691,0.0,Israel-Palestine,Gaza,TechForPalestine
2026-02-14,2.0,72051.0,2,72051,20179,12500,171706.0,171706,2.0,Israel-Palestine,Gaza,TechForPalestine
2026-02-15,10.0,72061.0,10,72061,20179,12500,171715.0,171715,10.0,Israel-Palestine,Gaza,TechForPalestine
2026-02-16,2.0,72063.0,2,72063,20179,12500,171726.0,171726,2.0,Israel-Palestine,Gaza,TechForPalestine
2026-02-17,0.0,72063.0,0,72063,20179,12500,171726.0,171726,0.0,Israel-Palestine,Gaza,TechForPalestine
2026-02-18,4.0,72067.0,4,72067,20179,12500,171734.0,171734,4.0,Israel-Palestine,Gaza,TechForPalestine
2026-02-19,2.0,72069.0,2,72069,20179,12500,171738.0,171738,2.0,Israel-Palestine,Gaza,TechForPalestine
2026-02-20,0.0,72069.0,0,72069,20179,12500,171738.0,171738,0.0,Israel-Palestine,Gaza,TechForPalestine
2026-02-21,1.0,72070.0,1,72070,20179,12500,171748.0,171748,1.0,Israel-Palestine,Gaza,TechForPalestine
2026-02-22,2.0,72072.0,2,72072,20179,12500,171751.0,171751,2.0,Israel-Palestine,Gaza,TechForPalestine
2026-02-23,1.0,72073.0,1,72073,20179,12500,171759.0,171759,1.0,Israel-Palestine,Gaza,TechForPalestine
2026-02-24,0.0,72073.0,0,72073,20179,12500,171766.0,171766,0.0,Israel-Palestine,Gaza,TechForPalestine
2026-02-25,9.0,72082.0,9,72082,20179,12500,171770.0,171770,9.0,Israel-Palestine,Gaza,TechForPalestine
2026-02-26,0.0,72082.0,0,72082,20179,12500,171770.0,171770,0.0,Israel-Palestine,Gaza,TechForPalestine
2026-02-27,0.0,72082.0,0,72082,20179,12500,171770.0,171770,0.0,Israel-Palestine,Gaza,TechForPalestine
2026-02-28,13.0,72095.0,13,72095,20179,12500,171784.0,171784,13.0,Israel-Palestine,Gaza,TechForPalestine
2026-03-01,1.0,72096.0,1,72096,20179,12500,171791.0,171791,1.0,Israel-Palestine,Gaza,TechForPalestine
2026-03-02,1.0,72097.0,1,72097,20179,12500,171796.0,171796,1.0,Israel-Palestine,Gaza,TechForPalestine
2026-03-03,19.0,72116.0,19,72116,20179,12500,171798.0,171798,19.0,Israel-Palestine,Gaza,TechForPalestine
2026-03-04,1.0,72117.0,1,72117,20179,12500,171801.0,171801,1.0,Israel-Palestine,Gaza,TechForPalestine
2026-03-05,3.0,72120.0,3,72120,20179,12500,171802.0,171802,3.0,Israel-Palestine,Gaza,TechForPalestine
2026-03-06,0.0,72120.0,0,72120,20179,12500,171802.0,171802,0.0,Israel-Palestine,Gaza,TechForPalestine
2026-03-07,3.0,72123.0,3,72123,20179,12500,171805.0,171805,3.0,Israel-Palestine,Gaza,TechForPalestine
2026-03-08,3.0,72126.0,3,72126,20179,12500,171809.0,171809,3.0,Israel-Palestine,Gaza,TechForPalestine
2026-03-09,7.0,72133.0,7,72133,20179,12500,171826.0,171826,7.0,Israel-Palestine,Gaza,TechForPalestine
2026-03-10,1.0,72134.0,1,72134,20179,12500,171828.0,171828,1.0,Israel-Palestine,Gaza,TechForPalestine
2026-03-11,1.0,72135.0,1,72135,20179,12500,171830.0,171830,1.0,Israel-Palestine,Gaza,TechForPalestine
2026-03-12,1.0,72136.0,1,72136,20179,12500,171839.0,171839,1.0,Israel-Palestine,Gaza,TechForPalestine
2026-03-13,0.0,72136.0,0,72136,20179,12500,171839.0,171839,0.0,Israel-Palestine,Gaza,TechForPalestine
2026-03-14,98.0,72234.0,98,72234,20179,12500,171852.0,171852,98.0,Israel-Palestine,Gaza,TechForPalestine
2026-03-15,5.0,72239.0,5,72239,20179,12500,171861.0,171861,5.0,Israel-Palestine,Gaza,TechForPalestine
2026-03-16,8.0,72247.0,8,72247,20179,12500,171878.0,171878,8.0,Israel-Palestine,Gaza,TechForPalestine
2026-03-17,2.0,72249.0,2,72249,20179,12500,171898.0,171898,2.0,Israel-Palestine,Gaza,TechForPalestine
2026-03-18,4.0,72253.0,4,72253,20179,12500,171912.0,171912,4.0,Israel-Palestine,Gaza,TechForPalestine
2026-03-19,0.0,72253.0,0,72253,20179,12500,171912.0,171912,0.0,Israel-Palestine,Gaza,TechForPalestine
2026-03-20,0.0,72253.0,0,72253,20179,12500,171912.0,171912,0.0,Israel-Palestine,Gaza,TechForPalestine
2026-03-21,0.0,72253.0,0,72253,20179,12500,171912.0,171912,0.0,Israel-Palestine,Gaza,TechForPalestine
2026-03-22,1.0,72254.0,1,72254,20179,12500,171914.0,171914,1.0,Israel-Palestine,Gaza,TechForPalestine
2026-03-23,9.0,72263.0,9,72263,20179,12500,171944.0,171944,9.0,Israel-Palestine,Gaza,TechForPalestine
2026-03-24,0.0,72263.0,0,72263,20179,12500,171948.0,171948,0.0,Israel-Palestine,Gaza,TechForPalestine
2026-03-25,2.0,72265.0,2,72265,20179,12500,171959.0,171959,2.0,Israel-Palestine,Gaza,TechForPalestine
2026-03-26,2.0,72267.0,2,72267,20179,12500,171976.0,171976,2.0,Israel-Palestine,Gaza,TechForPalestine
2026-03-27,0.0,72267.0,0,72267,20179,12500,171976.0,171976,0.0,Israel-Palestine,Gaza,TechForPalestine
2026-03-28,1.0,72268.0,1,72268,20179,12500,171995.0,171995,1.0,Israel-Palestine,Gaza,TechForPalestine
2026-03-29,10.0,72278.0,10,72278,20179,12500,172013.0,172013,10.0,Israel-Palestine,Gaza,TechForPalestine
2026-03-30,2.0,72280.0,2,72280,20179,12500,172014.0,172014,2.0,Israel-Palestine,Gaza,TechForPalestine
2026-03-31,5.0,72285.0,5,72285,20179,12500,172028.0,172028,5.0,Israel-Palestine,Gaza,TechForPalestine
2026-04-01,4.0,72289.0,4,72289,20179,12500,172040.0,172040,4.0,Israel-Palestine,Gaza,TechForPalestine
2026-04-02,0.0,72289.0,0,72289,20179,12500,172043.0,172043,0.0,Israel-Palestine,Gaza,TechForPalestine
2026-04-03,0.0,72289.0,0,72289,20179,12500,172043.0,172043,0.0,Israel-Palestine,Gaza,TechForPalestine
2026-04-04,0.0,72289.0,0,72289,20179,12500,172068.0,172068,0.0,Israel-Palestine,Gaza,TechForPalestine
2026-04-05,4.0,72293.0,4,72293,20179,12500,172073.0,172073,4.0,Israel-Palestine,Gaza,TechForPalestine
2026-04-06,9.0,72302.0,9,72302,20179,12500,172090.0,172090,9.0,Israel-Palestine,Gaza,TechForPalestine
2026-04-07,10.0,72312.0,10,72312,20179,12500,172134.0,172134,10.0,Israel-Palestine,Gaza,TechForPalestine
2026-04-08,3.0,72315.0,3,72315,20179,12500,172137.0,172137,3.0,Israel-Palestine,Gaza,TechForPalestine
2026-04-09,2.0,72317.0,2,72317,20179,12500,172158.0,172158,2.0,Israel-Palestine,Gaza,TechForPalestine
2026-04-10,0.0,72317.0,0,72317,20179,12500,172158.0,172158,0.0,Israel-Palestine,Gaza,TechForPalestine
2026-04-11,11.0,72328.0,11,72328,20179,12500,172184.0,172184,11.0,Israel-Palestine,Gaza,TechForPalestine
2026-04-12,1.0,72329.0,1,72329,20179,12500,172192.0,172192,1.0,Israel-Palestine,Gaza,TechForPalestine
2026-04-13,4.0,72333.0,4,72333,20179,12500,172202.0,172202,4.0,Israel-Palestine,Gaza,TechForPalestine
2026-04-14,3.0,72336.0,3,72336,20179,12500,172213.0,172213,3.0,Israel-Palestine,Gaza,TechForPalestine
2026-04-15,8.0,72344.0,8,72344,20179,12500,172242.0,172242,8.0,Israel-Palestine,Gaza,TechForPalestine
2026-04-16,1.0,72345.0,1,72345,20179,12500,172250.0,172250,1.0,Israel-Palestine,Gaza,TechForPalestine
2026-04-17,0.0,72345.0,0,72345,20179,12500,172250.0,172250,0.0,Israel-Palestine,Gaza,TechForPalestine
2026-04-18,204.0,72549.0,204,72549,20179,12500,172274.0,172274,204.0,Israel-Palestine,Gaza,TechForPalestine
2026-04-19,2.0,72551.0,2,72551,20179,12500,172274.0,172274,2.0,Israel-Palestine,Gaza,TechForPalestine
2026-04-20,2.0,72553.0,2,72553,20179,12500,172296.0,172296,2.0,Israel-Palestine,Gaza,TechForPalestine
2026-04-21,7.0,72560.0,7,72560,20179,12500,172317.0,172317,7.0,Israel-Palestine,Gaza,TechForPalestine
2026-04-22,2.0,72562.0,2,72562,20179,12500,172320.0,172320,2.0,Israel-Palestine,Gaza,TechForPalestine
2026-04-23,6.0,72568.0,6,72568,20179,12500,172338.0,172338,6.0,Israel-Palestine,Gaza,TechForPalestine
2026-04-24,0.0,72568.0,0,72568,20179,12500,172338.0,172338,0.0,Israel-Palestine,Gaza,TechForPalestine
2026-04-25,17.0,72585.0,17,72585,20179,12500,172370.0,172370,17.0,Israel-Palestine,Gaza,TechForPalestine
2026-04-26,2.0,72587.0,2,72587,20179,12500,172381.0,172381,2.0,Israel-Palestine,Gaza,TechForPalestine
2026-04-27,6.0,72593.0,6,72593,20179,12500,172399.0,172399,6.0,Israel-Palestine,Gaza,TechForPalestine
2026-04-28,1.0,72594.0,1,72594,20179,12500,172404.0,172404,1.0,Israel-Palestine,Gaza,TechForPalestine
2026-04-29,5.0,72599.0,5,72599,20179,12500,172411.0,172411,5.0,Israel-Palestine,Gaza,TechForPalestine
2026-04-30,2.0,72601.0,2,72601,20179,12500,172419.0,172419,2.0,Israel-Palestine,Gaza,TechForPalestine
2026-05-01,0.0,72601.0,0,72601,20179,12500,172419.0,172419,0.0,Israel-Palestine,Gaza,TechForPalestine
2026-05-02,7.0,72608.0,7,72608,20179,12500,172445.0,172445,7.0,Israel-Palestine,Gaza,TechForPalestine
2026-05-03,2.0,72610.0,2,72610,20179,12500,172448.0,172448,2.0,Israel-Palestine,Gaza,TechForPalestine
2026-05-04,2.0,72612.0,2,72612,20179,12500,172457.0,172457,2.0,Israel-Palestine,Gaza,TechForPalestine
2026-05-05,3.0,72615.0,3,72615,20179,12500,172468.0,172468,3.0,Israel-Palestine,Gaza,TechForPalestine
2026-05-06,4.0,72619.0,4,72619,20179,12500,172484.0,172484,4.0,Israel-Palestine,Gaza,TechForPalestine
2026-05-07,9.0,72628.0,9,72628,20179,12500,172520.0,172520,9.0,Israel-Palestine,Gaza,TechForPalestine
2026-05-08,0.0,72628.0,0,72628,20179,12500,172520.0,172520,0.0,Israel-Palestine,Gaza,TechForPalestine
2026-05-09,108.0,72736.0,108,72736,20179,12500,172535.0,172535,108.0,Israel-Palestine,Gaza,TechForPalestine
2026-05-10,1.0,72737.0,1,72737,20179,12500,172539.0,172539,1.0,Israel-Palestine,Gaza,TechForPalestine
2026-05-11,3.0,72740.0,3,72740,20179,12500,172555.0,172555,3.0,Israel-Palestine,Gaza,TechForPalestine
2026-05-12,2.0,72742.0,2,72742,20179,12500,172565.0,172565,2.0,Israel-Palestine,Gaza,TechForPalestine
2026-05-13,2.0,72744.0,2,72744,20179,12500,172588.0,172588,2.0,Israel-Palestine,Gaza,TechForPalestine
2026-05-14,0.0,72744.0,0,72744,20179,12500,172588.0,172588,0.0,Israel-Palestine,Gaza,TechForPalestine
2026-05-15,13.0,72757.0,13,72757,20179,12500,172645.0,172645,13.0,Israel-Palestine,Gaza,TechForPalestine
2026-05-16,0.0,72757.0,0,72757,20179,12500,172645.0,172645,0.0,Israel-Palestine,Gaza,TechForPalestine
2026-05-17,6.0,72763.0,6,72763,20179,12500,172664.0,172664,6.0,Israel-Palestine,Gaza,TechForPalestine
2026-05-18,6.0,72769.0,6,72769,20179,12500,172704.0,172704,6.0,Israel-Palestine,Gaza,TechForPalestine
2026-05-19,3.0,72772.0,3,72772,20179,12500,172707.0,172707,3.0,Israel-Palestine,Gaza,TechForPalestine
2026-05-20,1.0,72773.0,1,72773,20179,12500,172723.0,172723,1.0,Israel-Palestine,Gaza,TechForPalestine
2026-05-21,2.0,72775.0,2,72775,20179,12500,172750.0,172750,2.0,Israel-Palestine,Gaza,TechForPalestine
2026-05-22,0.0,72775.0,0,72775,20179,12500,172750.0,172750,0.0,Israel-Palestine,Gaza,TechForPalestine
2026-05-23,8.0,72783.0,8,72783,20179,12500,172779.0,172779,8.0,Israel-Palestine,Gaza,TechForPalestine
2026-05-24,8.0,72791.0,8,72791,20179,12500,172813.0,172813,8.0,Israel-Palestine,Gaza,TechForPalestine
2026-05-25,6.0,72797.0,6,72797,20179,12500,172821.0,172821,6.0,Israel-Palestine,Gaza,TechForPalestine
2026-05-26,6.0,72803.0,6,72803,20179,12500,172855.0,172855,6.0,Israel-Palestine,Gaza,TechForPalestine
2026-05-27,0.0,72803.0,0,72803,20179,12500,172855.0,172855,0.0,Israel-Palestine,Gaza,TechForPalestine
2026-05-28,16.0,72819.0,16,72819,20179,12500,172894.0,172894,16.0,Israel-Palestine,Gaza,TechForPalestine
2026-05-29,0.0,72819.0,0,72819,20179,12500,172894.0,172894,0.0,Israel-Palestine,Gaza,TechForPalestine
2026-05-30,119.0,72938.0,119,72938,20179,12500,172919.0,172919,119.0,Israel-Palestine,Gaza,TechForPalestine
2026-05-31,1.0,72939.0,1,72939,20179,12500,172927.0,172927,1.0,Israel-Palestine,Gaza,TechForPalestine
2026-06-01,2.0,72941.0,2,72941,20179,12500,172967.0,172967,2.0,Israel-Palestine,Gaza,TechForPalestine
2026-06-02,1.0,72942.0,1,72942,20179,12500,172976.0,172976,1.0,Israel-Palestine,Gaza,TechForPalestine
2026-06-03,3.0,72945.0,3,72945,20179,12500,173011.0,173011,3.0,Israel-Palestine,Gaza,TechForPalestine
2026-06-04,11.0,72956.0,11,72956,20179,12500,173043.0,173043,11.0,Israel-Palestine,Gaza,TechForPalestine
2026-06-05,0.0,72956.0,0,72956,20179,12500,173043.0,173043,0.0,Israel-Palestine,Gaza,TechForPalestine
2026-06-06,5.0,72961.0,5,72961,20179,12500,173092.0,173092,5.0,Israel-Palestine,Gaza,TechForPalestine
2026-06-07,10.0,72971.0,10,72971,20179,12500,173128.0,173128,10.0,Israel-Palestine,Gaza,TechForPalestine
2026-06-08,9.0,72980.0,9,72980,20179,12500,173171.0,173171,9.0,Israel-Palestine,Gaza,TechForPalestine
2026-06-09,8.0,72988.0,8,72988,20179,12500,173205.0,173205,8.0,Israel-Palestine,Gaza,TechForPalestine
2026-06-10,3.0,72991.0,3,72991,20179,12500,173212.0,173212,3.0,Israel-Palestine,Gaza,TechForPalestine
2026-06-11,0.0,72991.0,0,72991,20179,12500,173219.0,173219,0.0,Israel-Palestine,Gaza,TechForPalestine
2026-06-12,0.0,72991.0,0,72991,20179,12500,173219.0,173219,0.0,Israel-Palestine,Gaza,TechForPalestine
2026-06-13,2.0,72993.0,2,72993,20179,12500,173230.0,173230,2.0,Israel-Palestine,Gaza,TechForPalestine
2026-06-14,3.0,72996.0,3,72996,20179,12500,173246.0,173246,3.0,Israel-Palestine,Gaza,TechForPalestine
2026-06-15,7.0,73003.0,7,73003,20179,12500,173252.0,173252,7.0,Israel-Palestine,Gaza,TechForPalestine
2026-06-16,5.0,73008.0,5,73008,20179,12500,173260.0,173260,5.0,Israel-Palestine,Gaza,TechForPalestine
2026-06-17,8.0,73016.0,8,73016,20179,12500,173265.0,173265,8.0,Israel-Palestine,Gaza,TechForPalestine
2026-06-18,2.0,73018.0,2,73018,20179,12500,173273.0,173273,2.0,Israel-Palestine,Gaza,TechForPalestine
2026-06-19,,,0,73018,20179,12500,,173273,,Israel-Palestine,Gaza,TechForPalestine
2026-06-20,5.0,73023.0,5,73023,20179,12500,173316.0,173316,5.0,Israel-Palestine,Gaza,TechForPalestine
2026-06-21,9.0,73032.0,9,73032,20179,12500,173357.0,173357,9.0,Israel-Palestine,Gaza,TechForPalestine
2026-06-22,3.0,73035.0,3,73035,20179,12500,173368.0,173368,3.0,Israel-Palestine,Gaza,TechForPalestine
2026-06-23,4.0,73039.0,4,73039,20179,12500,173388.0,173388,4.0,Israel-Palestine,Gaza,TechForPalestine
2026-06-24,2.0,73041.0,2,73041,20179,12500,173402.0,173402,2.0,Israel-Palestine,Gaza,TechForPalestine
2026-06-25,2.0,73043.0,2,73043,20179,12500,173417.0,173417,2.0,Israel-Palestine,Gaza,TechForPalestine
2026-06-26,,,0,73043,20179,12500,,173417,,Israel-Palestine,Gaza,TechForPalestine
2026-06-27,8.0,73051.0,8,73051,20179,12500,173437.0,173437,8.0,Israel-Palestine,Gaza,TechForPalestine
2026-06-28,3.0,73054.0,3,73054,20179,12500,173480.0,173480,3.0,Israel-Palestine,Gaza,TechForPalestine
2026-06-29,4.0,73058.0,4,73058,20179,12500,173488.0,173488,4.0,Israel-Palestine,Gaza,TechForPalestine
2026-06-30,8.0,73066.0,8,73066,20179,12500,173514.0,173514,8.0,Israel-Palestine,Gaza,TechForPalestine
2026-07-01,4.0,73070.0,4,73070,20179,12500,173525.0,173525,4.0,Israel-Palestine,Gaza,TechForPalestine
2026-07-02,4.0,73074.0,4,73074,20179,12500,173537.0,173537,4.0,Israel-Palestine,Gaza,TechForPalestine
2026-07-03,,,0,73074,20179,12500,,173537,,Israel-Palestine,Gaza,TechForPalestine
2026-07-04,16.0,73090.0,16,73090,20179,12500,173553.0,173553,16.0,Israel-Palestine,Gaza,TechForPalestine
2026-07-05,3.0,73093.0,3,73093,20179,12500,173564.0,173564,3.0,Israel-Palestine,Gaza,TechForPalestine
2026-07-06,5.0,73098.0,5,73098,20179,12500,173571.0,173571,5.0,Israel-Palestine,Gaza,TechForPalestine
2026-07-07,4.0,73102.0,4,73102,20179,12500,173582.0,173582,4.0,Israel-Palestine,Gaza,TechForPalestine
2026-07-08,8.0,73110.0,8,73110,20179,12500,173599.0,173599,8.0,Israel-Palestine,Gaza,TechForPalestine
2026-07-09,8.0,73118.0,8,73118,20179,12500,173615.0,173615,8.0,Israel-Palestine,Gaza,TechForPalestine
2026-07-10,,,0,73118,20179,12500,,173615,,Israel-Palestine,Gaza,TechForPalestine
2026-07-11,103.0,73221.0,103,73221,20179,12500,173643.0,173643,103.0,Israel-Palestine,Gaza,TechForPalestine
2026-07-12,2.0,73223.0,2,73223,20179,12500,173654.0,173654,2.0,Israel-Palestine,Gaza,TechForPalestine
2026-07-13,8.0,73231.0,8,73231,20179,12500,173686.0,173686,8.0,Israel-Palestine,Gaza,TechForPalestine
2026-07-14,2.0,73233.0,2,73233,20179,12500,173707.0,173707,2.0,Israel-Palestine,Gaza,TechForPalestine
2026-07-15,13.0,73246.0,13,73246,20179,12500,173727.0,173727,13.0,Israel-Palestine,Gaza,TechForPalestine
2026-07-16,4.0,73250.0,4,73250,20179,12500,173751.0,173751,4.0,Israel-Palestine,Gaza,TechForPalestine
2026-07-17,,,0,73250,20179,12500,,173751,,Israel-Palestine,Gaza,TechForPalestine
2026-07-18,19.0,73269.0,19,73269,20179,12500,173811.0,173811,19.0,Israel-Palestine,Gaza,TechForPalestine
2026-07-19,11.0,73280.0,11,73280,20179,12500,173842.0,173842,11.0,Israel-Palestine,Gaza,TechForPalestine
2026-07-20,3.0,73283.0,3,73283,20179,12500,173864.0,173864,3.0,Israel-Palestine,Gaza,TechForPalestine
2026-07-21,10.0,73293.0,10,73293,20179,12500,173906.0,173906,10.0,Israel-Palestine,Gaza,TechForPalestine
2026-07-22,12.0,73305.0,12,73305,20179,12500,173918.0,173918,12.0,Israel-Palestine,Gaza,TechForPalestine
2026-07-23,6.0,73311.0,6,73311,20179,12500,173924.0,173924,6.0,Israel-Palestine,Gaza,TechForPalestine
2026-07-24,,,0,73311,20179,12500,,173924,,Israel-Palestine,Gaza,TechForPalestine
2026-07-25,6.0,73317.0,6,73317,20179,12500,173961.0,173961,6.0,Israel-Palestine,Gaza,TechForPalestine
2026-07-26,9.0,73326.0,9,73326,20179,12500,173997.0,173997,9.0,Israel-Palestine,Gaza,TechForPalestine
2026-07-27,3.0,73329.0,3,73329,20179,12500,174009.0,174009,3.0,Israel-Palestine,Gaza,TechForPalestine
2026-07-28,4.0,73333.0,4,73333,20179,12500,174023.0,174023,4.0,Israel-Palestine,Gaza,TechForPalestine
2026-07-29,2.0,73335.0,2,73335,20179,12500,174052.0,174052,2.0,Israel-Palestine,Gaza,TechForPalestine
2026-07-30,6.0,73341.0,6,73341,20179,12500,174086.0,174086,6.0,Israel-Palestine,Gaza,TechForPalestine
2026-07-31,,,0,73341,20179,12500,,174086,,Israel-Palestine,Gaza,TechForPalestine
2026-08-01,8.0,73349.0,8,73349,20179,12500,174162.0,174162,8.0,Israel-Palestine,Gaza,TechForPalestine
2026-08-02,7.0,73356.0,7,73356,20179,12500,174185.0,174185,7.0,Israel-Palestine,Gaza,TechForPalestine
2026-08-03,19.0,73375.0,19,73375,20179,12500,174220.0,174220,19.0,Israel-Palestine,Gaza,TechForPalestine
2026-08-04,2.0,73377.0,2,73377,20179,12500,174230.0,174230,2.0,Israel-Palestine,Gaza,TechForPalestine
2026-08-05,4.0,73381.0,4,73381,20179,12500,174231.0,174231,4.0,Israel-Palestine,Gaza,TechForPalestine
2026-08-06,1.0,73382.0,1,73382,20179,12500,174236.0,174236,1.0,Israel-Palestine,Gaza,TechForPalestine
2026-08-07,,,0,73382,20179,12500,,174236,,Israel-Palestine,Gaza,TechForPalestine
2026-08-08,2.0,73384.0,2,73384,20179,12500,174242.0,174242,2.0,Israel-Palestine,Gaza,TechForPalestine
2026-08-09,2.0,73386.0,2,73386,20179,12500,174250.0,174250,2.0,Israel-Palestine,Gaza,TechForPalestine
2026-08-10,0.0,73386.0,0,73386,20179,12500,174256.0,174256,0.0,Israel-Palestine,Gaza,TechForPalestine
2026-08-11,1.0,73387.0,1,73387,20179,12500,174257.0,174257,1.0,Israel-Palestine,Gaza,TechForPalestine
2026-08-12,1.0,73388.0,1,73388,20179,12500,174259.0,174259,1.0,Israel-Palestine,Gaza,TechForPalestine
2026-08-13,1.0,73389.0,1,73389,20179,12500,174266.0,174266,1.0,Israel-Palestine,Gaza,TechForPalestine
2026-08-14,,,0,73389,20179,12500,,174266,,Israel-Palestine,Gaza,TechForPalestine
2026-08-15,2.0,73391.0,2,73391,20179,12500,174280.0,174280,2.0,Israel-Palestine,Gaza,TechForPalestine
2026-08-16,,,0,73391,20179,12500,,174280,,Israel-Palestine,Gaza,TechForPalestine
2026-08-17,8.0,73399.0,8,73399,20179,12500,174310.0,174310,8.0,Israel-Palestine,Gaza,TechForPalestine
2026-08-18,1.0,73400.0,1,73400,20179,12500,174312.0,174312,1.0,Israel-Palestine,Gaza,TechForPalestine
2026-08-19,7.0,73407.0,7,73407,20179,12500,174335.0,174335,7.0,Israel-Palestine,Gaza,TechForPalestine
2026-08-20,10.0,73417.0,10,73417,20179,12500,174360.0,174360,10.0,Israel-Palestine,Gaza,TechForPalestine
2026-08-21,,,0,73417,20179,12500,,174360,,Israel-Palestine,Gaza,TechForPalestine
2026-08-22,2.0,73419.0,2,73419,20179,12500,174364.0,174364,2.0,Israel-Palestine,Gaza,TechForPalestine
2026-08-23,1.0,73420.0,1,73420,20179,12500,174369.0,174369,1.0,Israel-Palestine,Gaza,TechForPalestine
2026-08-24,2.0,73422.0,2,73422,20179,12500,174401.0,174401,2.0,Israel-Palestine,Gaza,TechForPalestine
2026-08-25,9.0,73431.0,9,73431,20179,12500,174437.0,174437,9.0,Israel-Palestine,Gaza,TechForPalestine
2026-08-26,7.0,73438.0,7,73438,20179,12500,174447.0,174447,7.0,Israel-Palestine,Gaza,TechForPalestine
2026-08-27,1.0,73439.0,1,73439,20179,12500,174454.0,174454,1.0,Israel-Palestine,Gaza,TechForPalestine
2026-08-28,,,0,73439,20179,12500,,174454,,Israel-Palestine,Gaza,TechForPalestine
2026-08-29,10.0,73449.0,10,73449,20179,12500,174472.0,174472,10.0,Israel-Palestine,Gaza,TechForPalestine
2026-08-30,5.0,73454.0,5,73454,20179,12500,174486.0,174486,5.0,Israel-Palestine,Gaza,TechForPalestine
2026-08-31,2.0,73456.0,2,73456,20179,12500,174496.0,174496,2.0,Israel-Palestine,Gaza,TechForPalestine
2026-09-01,6.0,73462.0,6,73462,20179,12500,174509.0,174509,6.0,Israel-Palestine,Gaza,TechForPalestine
2026-09-02,8.0,73470.0,8,73470,20179,12500,174540.0,174540,8.0,Israel-Palestine,Gaza,TechForPalestine
2026-09-03,4.0,73474.0,4,73474,20179,12500,174548.0,174548,4.0,Israel-Palestine,Gaza,TechForPalestine
2026-09-04,,,0,73474,20179,12500,,174548,,Israel-Palestine,Gaza,TechForPalestine
2026-09-05,177.0,73651.0,177,73651,20179,12500,174575.0,174575,177.0,Israel-Palestine,Gaza,TechForPalestine
2026-09-06,,73651.0,0,73651,20179,12500,174592.0,174592,0.0,Israel-Palestine,Gaza,TechForPalestine
2026-09-07,7.0,73658.0,7,73658,20179,12500,174622.0,174622,7.0,Israel-Palestine,Gaza,TechForPalestine
2026-09-08,4.0,73662.0,4,73662,20179,12500,174652.0,174652,4.0,Israel-Palestine,Gaza,TechForPalestine
2026-09-09,7.0,73669.0,7,73669,20179,12500,174652.0,174652,7.0,Israel-Palestine,Gaza,TechForPalestine
2026-09-10,1.0,73670.0,1,73670,20179,12500,174682.0,174682,1.0,Israel-Palestine,Gaza,TechForPalestine
2026-09-11,,,0,73670,20179,12500,,174682,,Israel-Palestine,Gaza,TechForPalestine
2026-09-12,113.0,73783.0,113,73783,20179,12500,174738.0,174738,113.0,Israel-Palestine,Gaza,TechForPalestine
2026-09-13,1.0,73784.0,1,73784,20179,12500,174746.0,174746,1.0,Israel-Palestine,Gaza,TechForPalestine
2026-09-14,2.0,73786.0,2,73786,20179,12500,174771.0,174771,2.0,Israel-Palestine,Gaza,TechForPalestine
2026-09-15,3.0,73789.0,3,73789,20179,12500,174798.0,174798,3.0,Israel-Palestine,Gaza,TechForPalestine
2026-09-16,6.0,73795.0,6,73795,20179,12500,174869.0,174869,6.0,Israel-Palestine,Gaza,TechForPalestine
2026-09-17,26.0,73821.0,26,73821,20179,12500,174897.0,174897,26.0,Israel-Palestine,Gaza,TechForPalestine
